high,low,open,close,volume,date,ticker,close_prediction
90.29499817,89.1740036,90.18800354,89.41000366,53022000,2019-11-07,AMZN,81.2051247
89.4940033,88.70200348,89.39450073,89.29399872,42466000,2019-11-08,AMZN,81.2142917
89,88.35649872,88.90000153,88.58249664,38920000,2019-11-11,AMZN,82.82541155
89.31099701,88.59549713,88.73300171,88.90000153,40752000,2019-11-12,AMZN,83.60347151
88.75,87.36599731,88.66950226,87.65550232,59790000,2019-11-13,AMZN,84.40210536
88.32949829,87.47799683,87.57150269,87.73000336,45296000,2019-11-14,AMZN,84.78186918
88.08399963,86.64299774,88.00250244,86.97450256,78552000,2019-11-15,AMZN,85.05931398
87.68499756,86.13549805,86.91500092,87.62650299,56790000,2019-11-18,AMZN,87.12225763
88.03399658,87.15149689,87.84950256,87.63950348,45416000,2019-11-19,AMZN,87.91515565
88.12599945,86.70600128,87.45700073,87.27649689,55800000,2019-11-20,AMZN,88.65621671
87.34349823,86.51799774,87.15000153,86.73549652,53258000,2019-11-21,AMZN,88.90621578
87.32150269,86.55000305,86.9509964,87.28600311,49582000,2019-11-22,AMZN,88.98392698
88.8710022,87.66200256,87.66249847,88.69200134,69724000,2019-11-25,AMZN,90.07893832
89.85150146,88.91750336,88.9960022,89.84700012,63624000,2019-11-26,AMZN,90.45202039
91.22499847,89.8655014,90.05000305,90.92549896,60512000,2019-11-27,AMZN,90.74121994
91.23449707,90.03949738,90.88899994,90.04000092,38468000,2019-11-29,AMZN,90.11614225
90.27749634,88.13400269,90.22000122,89.08000183,78512000,2019-12-02,AMZN,89.84694374
88.64350128,87.3615036,88,88.4980011,67618000,2019-12-03,AMZN,89.83175942
89.45449829,88.01100159,88.70050049,88.03450012,53402000,2019-12-04,AMZN,89.7844271
88.17500305,87,88.17500305,87.02400208,56476000,2019-12-05,AMZN,89.28662271
87.72000122,87.00650024,87.55999756,87.58000183,62348000,2019-12-06,AMZN,88.67712287
88.34449768,87.28050232,87.53299713,87.47550201,48856000,2019-12-09,AMZN,88.24900032
87.53350067,86.75,87.37000275,86.96050262,50286000,2019-12-10,AMZN,88.34035765
87.5,86.78549957,87.08350372,87.43599701,41952000,2019-12-11,AMZN,88.47670526
88.19999695,87.27200317,87.5,88.01650238,61918000,2019-12-12,AMZN,88.23486629
88.44950104,87.75,88.25,88.04699707,54914000,2019-12-13,AMZN,87.94670231
88.47499847,87.85250092,88.34999847,88.46050262,62904000,2019-12-16,AMZN,88.77861218
89.59999847,88.86949921,88.90049744,89.53299713,72888000,2019-12-17,AMZN,89.34934118
89.91000366,89.11799622,89.75099945,89.20149994,67028000,2019-12-18,AMZN,89.97254034
89.64949799,88.70300293,89.02500153,89.61399841,53056000,2019-12-19,AMZN,90.21092369
90.14849854,89.12249756,89.98100281,89.32499695,103016000,2019-12-20,AMZN,90.38224641
89.65000153,89.22550201,89.41300201,89.65000153,42728000,2019-12-23,AMZN,92.33524767
89.77850342,89.3789978,89.69049835,89.46050262,17626000,2019-12-24,AMZN,93.15484184
93.52300262,89.97499847,90.05049896,93.43849945,120108000,2019-12-26,AMZN,94.27321103
95.06999969,93.30049896,94.14600372,93.48999786,123732000,2019-12-27,AMZN,94.44158366
94.19999695,92.03099823,93.69999695,92.34449768,73494000,2019-12-30,AMZN,95.84451657
92.66300201,91.6115036,92.09999847,92.39199829,50130000,2019-12-31,AMZN,96.31022601
94.90049744,93.20749664,93.75,94.90049744,80580000,2020-01-02,AMZN,96.50759316
94.30999756,93.22499847,93.22499847,93.74849701,75288000,2020-01-03,AMZN,96.13042535
95.18450165,93,93,95.14399719,81236000,2020-01-06,AMZN,95.71946714
95.69450378,94.60199738,95.22499847,95.34300232,80898000,2020-01-07,AMZN,95.57277934
95.55000305,94.3219986,94.90200043,94.59850311,70160000,2020-01-08,AMZN,95.34889353
95.89099884,94.79000092,95.49449921,95.05249786,63346000,2020-01-09,AMZN,94.6295915
95.34700012,94,95.26850128,94.15799713,57074000,2020-01-10,AMZN,93.75507187
94.90000153,94.04000092,94.56549835,94.56500244,55616000,2020-01-13,AMZN,92.30472474
94.35549927,92.92749786,94.29399872,93.47200012,68818000,2020-01-14,AMZN,91.9972119
93.94300079,92.75450134,93.61250305,93.10099792,57932000,2020-01-15,AMZN,91.71724707
94.27950287,93.3010025,94.14949799,93.89700317,53190000,2020-01-16,AMZN,91.05004912
94.33200073,92.86250305,94.29450226,93.23600006,79946000,2020-01-17,AMZN,90.33658984
94.71350098,93,93.25,94.59999847,74156000,2020-01-21,AMZN,90.23432329
95.125,94.16699982,94.80449677,94.3730011,64326000,2020-01-22,AMZN,90.57945164
94.49900055,93.63800049,94.25550079,94.22899628,49692000,2020-01-23,AMZN,90.59740662
94.74949646,92.37200165,94.5684967,93.08200073,75324000,2020-01-24,AMZN,90.61385092
92.05000305,90.76699829,91,91.41699982,70570000,2020-01-27,AMZN,92.55719755
92.90550232,91.50099945,92.02500153,92.66249847,56160000,2020-01-28,AMZN,93.53876361
93.73750305,92.75099945,93.19999695,92.90000153,41760000,2020-01-29,AMZN,94.58002915
93.64350128,92.53050232,92.90000153,93.53399658,126548000,2020-01-30,AMZN,95.23622032
102.7860031,100.1135025,102.5735016,100.435997,311346000,2020-01-31,AMZN,95.81803691
102.4250031,100.0124969,100.5299988,100.2099991,117834000,2020-02-03,AMZN,98.89758525
102.9899979,100.7685013,101.4940033,102.4834976,105786000,2020-02-04,AMZN,100.0413112
103.5510025,101.5999985,103.5510025,101.9934998,87524000,2020-02-05,AMZN,101.1277124
102.8150024,101.2399979,102.0510025,102.5114975,63660000,2020-02-06,AMZN,101.7107811
104.9264984,101.9049988,102.0995026,103.9639969,101906000,2020-02-07,AMZN,102.1027112
106.7799988,104.2480011,104.2505035,106.6955032,101124000,2020-02-10,AMZN,103.9663602
109.2975006,106.8000031,107.5449982,107.5400009,114920000,2020-02-11,AMZN,104.5195194
109.0124969,107.7645035,108.1600037,108,66686000,2020-02-12,AMZN,104.9429882
108.5139999,107.0999985,107.2494965,107.4934998,60636000,2020-02-13,AMZN,104.8054057
107.9520035,106.2945023,107.7839966,106.7434998,52124000,2020-02-14,AMZN,104.4347766
108.3034973,106.2054977,106.2509995,107.7835007,58912000,2020-02-18,AMZN,103.7171563
109.2549973,108.0559998,108.3899994,108.5110016,51224000,2020-02-19,AMZN,103.418738
108.8395004,106.3724976,108.6535034,107.6549988,62626000,2020-02-20,AMZN,102.6145145
107.2275009,104.4000015,107.1074982,104.7985001,92926000,2020-02-21,AMZN,101.6521575
101.9649963,99.39849854,100.1589966,100.4645004,130940000,2020-02-24,AMZN,99.88081996
101.7300034,97.92099762,101.3209991,98.63700104,124382000,2020-02-25,AMZN,99.44449945
100.7334976,98.02249908,98.51399994,98.97949982,104492000,2020-02-26,AMZN,99.0223981
98.75,94.13800049,96.71900177,94.21499634,162880000,2020-02-27,AMZN,98.19781695
94.48799896,90.5565033,90.73149872,94.1875,189620000,2020-02-28,AMZN,97.30966913
97.72550201,93.5,95.32450104,97.69750214,135234000,2020-03-02,AMZN,96.31604012
99.8164978,94.40450287,98.76850128,95.44950104,150690000,2020-03-03,AMZN,96.29763105
98.90000153,96.09999847,97.32849884,98.79149628,95458000,2020-03-04,AMZN,96.35601575
98.03600311,95.5,96.65000153,96.20149994,94964000,2020-03-05,AMZN,96.06290111
95.54350281,93.47499847,93.75,95.05449677,105472000,2020-03-06,AMZN,95.74502718
93.1384964,88.0644989,88.69300079,90.03050232,156264000,2020-03-09,AMZN,96.57147755
94.71350098,90.90850067,93.54399872,94.59100342,142666000,2020-03-10,AMZN,97.15655174
93.56600189,90.07499695,92.89250183,91.04299927,112496000,2020-03-11,AMZN,97.79878032
88.25,83.75,86.09899902,83.83049774,226924000,2020-03-12,AMZN,98.06063188
89.31549835,84.03099823,87.75,89.25,176194000,2020-03-13,AMZN,98.26093527
87.97250366,81.30149841,82.07550049,84.45749664,178346000,2020-03-16,AMZN,100.3645031
92.88899994,84.46199799,88.77349854,90.39199829,218342000,2020-03-17,AMZN,101.271787
92.08300018,87.25,87.5,91.5,192904000,2020-03-18,AMZN,102.1828706
97.25,91.63249969,93,94.04650116,207998000,2020-03-19,AMZN,102.6614556
97.84999847,91.03649902,96.31549835,92.30449677,196358000,2020-03-20,AMZN,103.0288927
95.97000122,90.59999847,91.38749695,95.14150238,156170000,2020-03-23,AMZN,105.3769969
97.75,95.01699829,97.57499695,97.00499725,142942000,2020-03-24,AMZN,106.2974234
97.51300049,94.28900146,96.03450012,94.29199982,129582000,2020-03-25,AMZN,107.1971123
97.82450104,94.46450043,95.09999847,97.77449799,124426000,2020-03-26,AMZN,107.6812823
96.98950195,94.9960022,96.54299927,95.00499725,107758000,2020-03-27,AMZN,108.0413143
98.6815033,95.61699677,96.14150238,98.19750214,122522000,2020-03-30,AMZN,110.3376893
99.65100098,97.20050049,98.21749878,97.48600006,102472000,2020-03-31,AMZN,111.2433105
97.2480011,94.65000153,96.64849854,95.38500214,82438000,2020-04-01,AMZN,112.1331806
96.37650299,94.5,95.08200073,95.9414978,86720000,2020-04-02,AMZN,112.5775815
96.3164978,94.45749664,95.55750275,95.32949829,72198000,2020-04-03,AMZN,112.9031106
99.9260025,96.50099945,96.80000305,99.87950134,115464000,2020-04-06,AMZN,115.1082858
101.7860031,99.8809967,100.8554993,100.5800018,102280000,2020-04-07,AMZN,115.9767635
102.1999969,100.5575027,101.0500031,102.1500015,79546000,2020-04-08,AMZN,116.8189781
102.6500015,100.8830032,102.2149963,102.1380005,92930000,2020-04-09,AMZN,117.2002672
109,101.9000015,102,108.4434967,134334000,2020-04-13,AMZN,119.2241572
114.5999985,109.3105011,110.0234985,114.1660004,161744000,2020-04-14,AMZN,119.8801776
116.6685028,112.25,112.8840027,115.3840027,137332000,2020-04-15,AMZN,120.469032
123.0500031,116.75,117.3000031,120.4095001,240764000,2020-04-16,AMZN,120.5543926
120,115.8010025,118.6165009,118.75,158600000,2020-04-17,AMZN,120.4572507
122.2490005,119.3024979,119.4974976,119.6804962,115414000,2020-04-20,AMZN,120.9778601
121.4154968,113.9830017,120.8304977,116.4059982,149534000,2020-04-21,AMZN,121.1431652
119.6999969,117.5500031,118.4499969,118.1744995,84244000,2020-04-22,AMZN,121.2149812
121.2109985,119.1039963,119.9990005,119.9725037,101332000,2020-04-23,AMZN,120.7639992
121.0214996,119.0999985,120.8499985,120.5110016,76498000,2020-04-24,AMZN,120.1192065
122.2440033,118.1500015,122.1600037,118.8000031,112912000,2020-04-27,AMZN,119.0197254
118.6750031,115.3000031,118.6050034,115.7040024,105388000,2020-04-28,AMZN,118.6849137
119.5944977,115.5,116.5005035,118.635498,91832000,2020-04-29,AMZN,118.2929005
123.75,119.800499,120.9919968,123.6999969,190692000,2020-04-30,AMZN,117.4237576
118.1220016,112.9095001,116.8399963,114.302002,195452000,2020-05-01,AMZN,116.4152245
116.348999,112.8190002,112.8190002,115.7994995,97318000,2020-05-04,AMZN,114.6243087
117.5500031,115.3564987,117,115.8899994,64850000,2020-05-05,AMZN,114.2105534
117.8724976,116,116.4720001,117.5630035,62356000,2020-05-06,AMZN,113.8208674
118.8000031,117.1555023,118.7389984,118.3805008,67928000,2020-05-07,AMZN,113.0362113
119.3619995,117.8499985,118.6070023,118.9804993,64132000,2020-05-08,AMZN,112.1935235
120.9834976,118.6054993,118.7350006,120.4499969,65184000,2020-05-11,AMZN,111.3552462
120.9499969,117.75,120.5924988,117.8475037,61498000,2020-05-12,AMZN,111.3918779
120.3850021,116.8899994,118.3399963,118.3960037,95658000,2020-05-13,AMZN,111.5060877
119.5684967,117.6604996,118.050499,119.4424973,72962000,2020-05-14,AMZN,111.2693668
120.5500031,117.8184967,118.4260025,120.4889984,84700000,2020-05-15,AMZN,111.0083367
121.6500015,119.2005005,120.2174988,121.3130035,87144000,2020-05-18,AMZN,112.0067495
124.25,121.4485016,121.4915009,122.4664993,86410000,2020-05-19,AMZN,112.6486855
125.0005035,123.3635025,123.8935013,124.8970032,79962000,2020-05-20,AMZN,113.3466119
126.2724991,122.1269989,125,122.336998,102288000,2020-05-21,AMZN,113.6620612
123.4925003,121.5065002,122.7505035,121.8440018,57342000,2020-05-22,AMZN,113.9126382
123.0999985,120.7030029,122.9000015,121.0930023,71364000,2020-05-26,AMZN,117.0569512
120.6790009,116.5,120.2494965,120.5195007,101138000,2020-05-27,AMZN,117.9738286
121.8485031,118.911499,119.2164993,120.0550003,63804000,2020-05-28,AMZN,118.4423926
122.1184998,119.9100037,120.7969971,122.1184998,70198000,2020-05-29,AMZN,118.7815559
123.8464966,122.2085037,122.4000015,123.552002,58578000,2020-06-01,AMZN,120.9134701
123.6764984,122.2655029,123.3499985,123.6204987,50598000,2020-06-02,AMZN,121.7123626
124.4000015,123.0585022,123.4004974,123.9199982,53420000,2020-06-03,AMZN,122.464123
125.3769989,122.5005035,123.8714981,123.0299988,58974000,2020-06-04,AMZN,122.73828
124.4325027,121.8564987,122.225502,124.1500015,66128000,2020-06-05,AMZN,122.8625039
126.5,124.3669968,125.0100021,126.2030029,79414000,2020-06-08,AMZN,124.315905
131.3215027,126.25,126.4720001,130.0429993,103520000,2020-06-09,AMZN,124.9062108
136.1174927,131.3130035,132.25,132.3724976,98920000,2020-06-10,AMZN,125.4712967
133.5690002,126.8115005,130.1750031,127.8980026,116002000,2020-06-11,AMZN,125.5873748
131.0740051,125.1675034,130.0605011,127.2509995,108722000,2020-06-12,AMZN,125.5877729
129.1999969,125.4000015,126.3300018,128.6340027,77302000,2020-06-15,AMZN,126.9140291
131,128.8000031,131,130.763504,71712000,2020-06-16,AMZN,127.5499402
132.75,131.5910034,132.375,132.048996,59186000,2020-06-17,AMZN,128.2046294
132.9819946,131.8054962,132.3504944,132.6990051,49756000,2020-06-18,AMZN,128.4524102
134.8715057,132.9499969,133.904007,133.7505035,115540000,2020-06-19,AMZN,128.6235467
135.75,133.4499969,134.2250061,135.6909943,64176000,2020-06-22,AMZN,130.6506732
139.1555023,135.9019928,136.3009949,138.2205048,84634000,2020-06-23,AMZN,131.5640005
139.8000031,136.0500031,139,136.7200012,90532000,2020-06-24,AMZN,132.5071158
137.8114929,135.6069946,136.9774933,137.7290039,59374000,2020-06-25,AMZN,133.047392
139.1284943,134.3999939,138.753006,134.6434937,130016000,2020-06-26,AMZN,133.5081488
134.8399963,131.5039978,134.5005035,134.0189972,84468000,2020-06-29,AMZN,136.321243
138.4815063,133.7514954,134.2534943,137.9409943,75394000,2020-06-30,AMZN,137.4494714
144.75,137.6999969,137.8995056,143.9349976,127268000,2020-07-01,AMZN,138.5759194
147.7779999,143.5549927,145.6004944,144.5149994,131868000,2020-07-02,AMZN,139.2643986
152.9940033,146.5,146.7485046,152.852005,137612000,2020-07-06,AMZN,142.7420678
153.4774933,149.5,152.9275055,150.0059967,105150000,2020-07-07,AMZN,143.8230938
154.1985016,150.6215057,151.1304932,154.0554962,100752000,2020-07-08,AMZN,144.8659475
159.6940002,153.6999969,155.7994995,159.1315002,127774000,2020-07-09,AMZN,145.4373042
160.75,156.7850037,159.5879974,160,109720000,2020-07-10,AMZN,145.7410181
167.2144928,153.4194946,162.5529938,155.1999969,154408000,2020-07-13,AMZN,147.7074562
156.3690033,147.5,154.4499969,154.1999969,144638000,2020-07-14,AMZN,148.4449497
154.9174957,148.6589966,154.0115051,150.4434967,115778000,2020-07-15,AMZN,149.1372648
151.6000061,145.911499,148.5529938,149.9949951,127884000,2020-07-16,AMZN,149.3558117
151.1999969,147.4225006,150.4499969,148.0984955,95226000,2020-07-17,AMZN,149.4292991
160.0679932,149.701004,150.0099945,159.8419952,151964000,2020-07-20,AMZN,150.7574149
162.029007,155.2859955,161.6244965,156.914505,122426000,2020-07-21,AMZN,151.3101464
157.5,153.2630005,156.25,154.9954987,82084000,2020-07-22,AMZN,151.8355785
154.9134979,148.5,154.9134979,149.3274994,113138000,2020-07-23,AMZN,151.906551
151.5789948,144.3999939,146.5,150.4454956,112648000,2020-07-24,AMZN,151.8526093
154.8999939,150.7884979,153.1000061,152.760498,83410000,2020-07-27,AMZN,152.9194486
153.8545074,149.7879944,152.713501,150.0164948,62534000,2020-07-28,AMZN,153.4230868
151.9579926,149.838501,151.5494995,151.6764984,59482000,2020-07-29,AMZN,153.9162948
154.6000061,150.25,150.6999969,152.5939941,122566000,2020-07-30,AMZN,153.9702171
162.3410034,157.5500031,162.1999969,158.2339935,161710000,2020-07-31,AMZN,153.9125383
159.1999969,155.1999969,159.0254974,155.5944977,101494000,2020-08-03,AMZN,155.0285769
158.3619995,155.0605011,155.0605011,156.9414978,93886000,2020-08-04,AMZN,155.5624644
160.6795044,156.3650055,157.1885071,160.2514954,78330000,2020-08-05,AMZN,156.0900041
162.3735046,158.2714996,159.7180023,161.25,78812000,2020-08-06,AMZN,156.1809047
162.0404968,157.033493,161.2005005,158.3730011,78722000,2020-08-07,AMZN,156.1616284
158.6255035,155.076004,158.5155029,157.4080048,63346000,2020-08-10,AMZN,157.3924628
157.9609985,153.6499939,155.6600037,154.033493,74362000,2020-08-11,AMZN,157.9624757
158.7194977,155.0709991,155.3999939,158.1119995,70442000,2020-08-12,AMZN,158.5244586
160.8760071,157.75,159.1495056,158.0509949,62980000,2020-08-13,AMZN,158.5524796
158.9120026,156,158.9089966,157.401001,55034000,2020-08-14,AMZN,158.4682303
159.7485046,157.7089996,158.6560059,159.1204987,53824000,2020-08-17,AMZN,159.4890471
166,160.2910004,160.6000061,165.6244965,106920000,2020-08-18,AMZN,159.9826312
165.7949982,162.8000031,165.1504974,163.0240021,83702000,2020-08-19,AMZN,160.4638684
165.6309967,161.8999939,162.6000061,164.8684998,66650000,2020-08-20,AMZN,160.5012798
165.7200012,163.7695007,164.75,164.2359924,71518000,2020-08-21,AMZN,160.4199515
169.0160065,162.878006,165.5075073,165.3730011,93326000,2020-08-24,AMZN,161.395798
167.8699951,163.3500061,164.7494965,167.3244934,79856000,2020-08-25,AMZN,161.8506965
172.5870056,167.2285004,167.5554962,172.0924988,130174000,2020-08-26,AMZN,162.2782691
172.6499939,168.8999939,172.5025024,170,85296000,2020-08-27,AMZN,162.2451488
171.6685028,169.3249969,171.1499939,170.0899963,57940000,2020-08-28,AMZN,162.0746347
174.75,170.25,170.4494934,172.5480042,83718000,2020-08-31,AMZN,162.6564537
175.6934967,173.3500061,174.4790039,174.9559937,68644000,2020-09-01,AMZN,162.9347223
177.6125031,174.3345032,177.3500061,176.5724945,78630000,2020-09-02,AMZN,163.1626028
174.4205017,165.1499939,174.25,168.3999939,163222000,2020-09-03,AMZN,162.9073157
169.0749969,155.5565033,165.8999939,164.7310028,175636000,2020-09-04,AMZN,162.4933841
162.5424957,156.5,157.1999969,157.4920044,121884000,2020-09-08,AMZN,162.2154131
165.1589966,159.25,160.1495056,163.4304962,103774000,2020-09-09,AMZN,162.1355277
167.4945068,158.5274963,165.3609924,158.7554932,106614000,2020-09-10,AMZN,161.572418
160.8670044,154.1990051,160.434494,155.8110046,101880000,2020-09-11,AMZN,160.8560782
159.3695068,154.8000031,158.6470032,155.1484985,90592000,2020-09-14,AMZN,159.786462
158.7510071,155.4459991,156.8079987,157.8065033,80430000,2020-09-15,AMZN,159.5403494
159.3619995,153.7075043,158.9994965,153.9049988,90244000,2020-09-16,AMZN,159.2734994
151.4714966,148.6275024,150.4624939,150.4364929,128982000,2020-09-17,AMZN,158.5633684
151.8899994,145.2769928,151.5870056,147.7454987,177852000,2020-09-18,AMZN,157.7445556
148.1000061,143.5500031,145.3249969,148.0234985,122358000,2020-09-21,AMZN,156.6688473
156.6994934,150.0099945,151.6920013,156.4494934,138976000,2020-09-22,AMZN,156.527613
156.3500061,149.6190033,156.0214996,149.9929962,113054000,2020-09-23,AMZN,156.4195493
153.4649963,148.25,148.8894958,150.989502,110588000,2020-09-24,AMZN,155.9205876
155.0769958,149.9499969,152.7429962,154.7565002,92304000,2020-09-25,AMZN,155.3625682
158.7519989,155.8585052,157.4425049,158.7024994,84484000,2020-09-28,AMZN,155.3216072
159.4129944,156.6269989,158.7695007,157.2440033,69916000,2020-09-29,AMZN,155.5888802
160.6439972,156.6994934,157.0570068,157.4364929,97922000,2020-09-30,AMZN,155.9085648
161.1999969,158.6000061,160.3999939,161.0630035,99438000,2020-10-01,AMZN,155.8480143
159.7899933,156.1499939,157.6815033,156.25,112262000,2020-10-02,AMZN,155.7300588
160.1264954,157.0424957,157.2920074,159.9600067,75506000,2020-10-05,AMZN,156.9271974
159.1000061,154.5,158.25,154.9980011,101738000,2020-10-06,AMZN,157.5501061
160,156.6195068,156.75,159.7845001,86188000,2020-10-07,AMZN,158.1833346
161.664505,158.7494965,161.2494965,159.5274963,63482000,2020-10-08,AMZN,158.3873367
164.4494934,159.8914948,160.5,164.3325043,98158000,2020-10-09,AMZN,158.4791464
174.8119965,166.9774933,167.496994,172.1464996,167284000,2020-10-12,AMZN,159.9387621
174.6190033,171.2109985,173.3995056,172.1815033,114894000,2020-10-13,AMZN,160.521615
173.2440033,167,172.3500061,168.1855011,116254000,2020-10-14,AMZN,161.0523125
167.7940063,164,164.6004944,166.9324951,104468000,2020-10-15,AMZN,161.0944701
169.9830017,158,168.161499,163.635498,129488000,2020-10-16,AMZN,160.9698069
166.4499969,159.6369934,164.9804993,160.3605042,104472000,2020-10-19,AMZN,161.5194877
163.3000031,159.6004944,161.1139984,160.8504944,90194000,2020-10-20,AMZN,161.7402449
161.6940002,158,160.625,159.246994,91854000,2020-10-21,AMZN,161.8955642
159.9375,156.0970001,159.4934998,158.8200073,84240000,2020-10-22,AMZN,161.5594613
160.2664948,157,159.5500031,160.2200012,69334000,2020-10-23,AMZN,161.0641681
164.1490021,157.6649933,159.9369965,160.352005,118024000,2020-10-26,AMZN,160.6486767
164.5829926,160.5650024,161.246994,164.3164978,85820000,2020-10-27,AMZN,160.6269465
163.201004,158.1235046,162.4649963,158.1390076,111766000,2020-10-28,AMZN,160.5920171
162.8625031,158.1999969,160.0635071,160.5505066,131930000,2020-10-29,AMZN,160.1234849
158.3500061,150.9499969,157.8874969,151.8074951,167728000,2020-10-30,AMZN,159.5575856
153.9855042,147.5059967,153.0870056,150.223999,145148000,2020-11-02,AMZN,159.3153007
153.7449951,149.048996,150.9264984,152.4205017,97958000,2020-11-03,AMZN,159.4753611
162.2424927,156.986496,157.9994965,162.0579987,136780000,2020-11-04,AMZN,159.6776788
168.3399963,164.4440002,165.9985046,166.1000061,115786000,2020-11-05,AMZN,159.4954268
166.1000061,161.6000061,165.2319946,165.5684967,92946000,2020-11-06,AMZN,159.2569689
164.4499969,155.6054993,161.5514984,157.1869965,143808000,2020-11-09,AMZN,160.1480576
155.6999969,150.973999,154.7510071,151.7510071,131820000,2020-11-10,AMZN,160.700373
156.9575043,152.5,153.0890045,156.8695068,87338000,2020-11-11,AMZN,161.2833007
158.7940063,154.3025055,157.9974976,155.5140076,87240000,2020-11-12,AMZN,161.4587801
157.0859985,154.2695007,156.1000061,156.440506,75124000,2020-11-13,AMZN,161.5444441
157.1349945,153.6345062,154.6600037,156.5529938,76174000,2020-11-16,AMZN,163.1127325
159.4624939,156.7630005,159.177002,156.7830048,68894000,2020-11-17,AMZN,163.7676847
157,155.2550049,156.6999969,155.272995,58336000,2020-11-18,AMZN,164.3833533
156.25,154.0460052,155.2655029,155.8509979,60206000,2020-11-19,AMZN,164.5194204
156.6445007,154.9024963,155.8509979,154.9700012,67488000,2020-11-20,AMZN,164.4932373
156.9875031,153.272995,155.8350067,154.9194946,94178000,2020-11-23,AMZN,165.3184288
156.7124939,154.3130035,155.0249939,155.9029999,72042000,2020-11-24,AMZN,165.6083699
159.8999939,157.0130005,157.0935059,159.2534943,75808000,2020-11-25,AMZN,165.8139344
160.809494,159.5025024,160.5630035,159.7669983,47858000,2020-11-27,AMZN,165.0105852
161.4194946,156.2774963,160.423996,158.4019928,81278000,2020-11-30,AMZN,164.4135549
162.4474945,157.8589935,159.4250031,161.0039978,90740000,2020-12-01,AMZN,164.26563
161.6000061,158.6629944,161.0825043,160.1764984,62586000,2020-12-02,AMZN,164.0716097
161.4320068,159.065506,160.272995,159.3365021,57840000,2020-12-03,AMZN,163.4123793
159.9105072,157.9380035,159.9105072,158.1289978,58272000,2020-12-04,AMZN,162.6263251
159.0379944,157.0845032,157.8240051,157.8999939,55026000,2020-12-07,AMZN,161.5801082
159.2064972,156.0010071,157.9450073,158.864502,65726000,2020-12-08,AMZN,161.4387918
158.7214966,154.3999939,158.3945007,155.2100067,82016000,2020-12-09,AMZN,161.3315233
157.1049957,153.8000031,154.4494934,155.0744934,60604000,2020-12-10,AMZN,160.8370598
155.9335022,153.6410065,154.8329926,155.8209991,61294000,2020-12-11,AMZN,160.2894698
159.5234985,156.3000031,157.1499939,157.8484955,83116000,2020-12-14,AMZN,160.3271982
159.4250031,156.5245056,159.0505066,158.2559967,66390000,2020-12-15,AMZN,160.636677
162.3500061,158.1840057,158.8005066,162.0480042,88552000,2020-12-16,AMZN,161.0047419
163.1755066,161.0500031,162.5,161.8040009,69486000,2020-12-17,AMZN,160.9965744
162.470993,158.5800018,162.1994934,160.0825043,119914000,2020-12-18,AMZN,160.9321933
161.3484955,158.3000031,160.0005035,160.3090057,76736000,2020-12-21,AMZN,162.2614402
161.1000061,159.0039978,160.1419983,160.326004,47388000,2020-12-22,AMZN,162.9051769
160.5065002,159.2084961,160.25,159.263504,41876000,2020-12-23,AMZN,163.540374
160.1000061,158.4499969,159.6950073,158.6345062,29038000,2020-12-24,AMZN,163.7231701
165.1999969,158.6345062,159.6999969,164.197998,113736000,2020-12-28,AMZN,164.8822971
167.5325012,164.0610046,165.496994,166.1000061,97458000,2020-12-29,AMZN,165.2756705
167.1049957,164.1235046,167.0500031,164.2924957,64186000,2020-12-30,AMZN,165.5768645
164.1459961,162.0599976,163.75,162.8464966,59144000,2020-12-31,AMZN,165.3491647
163.6000061,157.201004,163.5,159.3314972,88228000,2021-01-04,AMZN,164.3156234
161.1690063,158.253006,158.3005066,160.9255066,53110000,2021-01-05,AMZN,164.0907247
159.8755035,156.5579987,157.3240051,156.9190063,87896000,2021-01-06,AMZN,163.7763295
160.427002,157.75,157.8500061,158.1080017,70290000,2021-01-07,AMZN,162.9518489
159.5319977,157.1100006,159,159.1349945,70754000,2021-01-08,AMZN,161.9554517
157.8190002,155.5,157.4004974,155.710495,73668000,2021-01-11,AMZN,160.0251804
157.1069946,154.3000031,156,156.0415039,70292000,2021-01-12,AMZN,159.517232
159.4974976,156.1040039,156.4219971,158.2944946,66424000,2021-01-13,AMZN,159.0166648
158.8999939,156.0294952,158.3760071,156.3735046,61418000,2021-01-14,AMZN,158.1094944
157.1275024,154.7584991,156.151001,155.2124939,84880000,2021-01-15,AMZN,157.1379776
157.25,154.8000031,155.3500061,156.0379944,66102000,2021-01-19,AMZN,155.863494
163.9900055,158.75,159.0995026,163.1690063,106196000,2021-01-20,AMZN,155.8938605
167.4275055,164.4785004,164.6499939,165.3495026,98722000,2021-01-21,AMZN,155.5945541
166.0955048,164.1580048,165.2154999,164.611496,56438000,2021-01-22,AMZN,155.2945548
168.1945038,162.1575012,166.4250031,164.6999969,74996000,2021-01-25,AMZN,156.3261704
166.8999939,164.1434937,164.8179932,166.3065033,59104000,2021-01-26,AMZN,157.0265377
167.326004,160.3540039,167.0744934,161.6289978,93204000,2021-01-27,AMZN,157.8024276
165.0839996,161.434494,161.7519989,161.8809967,62984000,2021-01-28,AMZN,158.2112344
161.8495026,159.2274933,161.5,160.3099976,85872000,2021-01-29,AMZN,158.5654068
167.5130005,161.7514954,162.1179962,167.1439972,83204000,2021-02-01,AMZN,161.0908791
171.3869934,168.0565033,169,169,141972000,2021-02-02,AMZN,162.0938289
171.6999969,165.4309998,171.2505035,165.6264954,141776000,2021-02-03,AMZN,163.0606231
167.3500061,163.8874969,166.5,166.5500031,73414000,2021-02-04,AMZN,163.544044
168.8500061,165.135498,165.9499969,167.6074982,72416000,2021-02-05,AMZN,163.8546245
168.25,165.1999969,167.9250031,166.1470032,65148000,2021-02-08,AMZN,165.5616107
166.8999939,164.8919983,165.6244965,165.25,44070000,2021-02-09,AMZN,166.0826877
165.8975067,162.6999969,165.6999969,164.3289948,63032000,2021-02-10,AMZN,166.4791235
164.6000061,162.4029999,164.6000061,163.1065063,46028000,2021-02-11,AMZN,166.3163839
164.0124969,161.6654968,162.5,163.885498,46706000,2021-02-12,AMZN,165.9192997
165.4149933,162.6795044,162.7024994,163.4474945,51494000,2021-02-16,AMZN,165.0234773
166.0455017,162.9750061,163.1799927,165.4320068,65950000,2021-02-17,AMZN,164.6495173
166.8999939,163.6970062,164.1210022,166.411499,60548000,2021-02-18,AMZN,163.7532948
166.6750031,162.2875061,166.411499,162.4949951,86104000,2021-02-19,AMZN,162.6744741
161.6159973,158.6130066,160.4064941,159.0370026,70314000,2021-02-22,AMZN,160.4396927
160.236496,154.6799927,156.3515015,159.7250061,93544000,2021-02-23,AMZN,159.8106721
158.5614929,156.2689972,158.3374939,157.9765015,60226000,2021-02-24,AMZN,159.1777119
158.9129944,152.3880005,156.8370056,152.8580017,90676000,2021-02-25,AMZN,158.1252619
156.121994,151.8350067,154.7599945,154.6464996,85518000,2021-02-26,AMZN,156.9937167
157.4779968,154.8995056,156.3945007,157.3070068,54582000,2021-03-01,AMZN,155.1954949
158.1759949,154.3560028,157.1734924,154.7265015,51916000,2021-03-02,AMZN,154.891267
155.3890076,149.75,154.0590057,150.25,79774000,2021-03-03,AMZN,154.6588618
152.9064941,147.2714996,150.6000061,148.8784943,109632000,2021-03-04,AMZN,154.0723113
150.4499969,144.0500031,150.25,150.022995,107772000,2021-03-05,AMZN,153.4606117
153.2295074,147.565506,150.75,147.5975037,83700000,2021-03-08,AMZN,153.4236699
154.5480042,150.2575073,150.8995056,153.1425018,80600000,2021-03-09,AMZN,153.7327577
155.822998,151.5025024,154.9225006,152.8820038,60250000,2021-03-10,AMZN,154.1071632
156.5890045,154.1464996,155.2005005,155.6795044,55528000,2021-03-11,AMZN,154.1102807
154.9490051,152.2749939,153.75,154.4745026,48438000,2021-03-12,AMZN,154.0615629
154.1119995,151.6045074,153.7285004,154.0839996,58272000,2021-03-15,AMZN,155.4781425
156.4454956,153.7929993,155.2485046,154.5930023,50776000,2021-03-16,AMZN,156.175682
158.6524963,153.5110016,153.6609955,156.786499,62372000,2021-03-17,AMZN,156.8856638
155.8314972,151.25,155.0500031,151.3995056,72992000,2021-03-18,AMZN,157.1709131
153.864502,150.8314972,151.4615021,153.7480011,92508000,2021-03-19,AMZN,157.3517703
156.3289948,153.0025024,153.3925018,155.5435028,58044000,2021-03-22,AMZN,159.1694973
159.1000061,156.0424957,156.3500061,156.875,76346000,2021-03-23,AMZN,159.9191574
158.0155029,154.2575073,157.552002,154.3535004,59180000,2021-03-24,AMZN,160.6493456
155.4889984,151.8569946,153.6495056,152.3130035,71270000,2021-03-25,AMZN,160.9287766
152.8329926,149.8000031,152.2030029,152.6015015,66258000,2021-03-26,AMZN,161.0837175
154.5625,151.4225006,152.7720032,153.786499,54920000,2021-03-29,AMZN,162.7581655
153.6499939,151.6999969,153.5005035,152.7644958,46752000,2021-03-30,AMZN,163.4537609
155.966507,153.125,153.2030029,154.7039948,61878000,2021-03-31,AMZN,164.1325125
158.121994,155.7774963,155.8970032,158.0500031,58806000,2021-04-01,AMZN,164.365154
161.7980042,158.0619965,158.6499939,161.3365021,66698000,2021-04-05,AMZN,166.056808
162.3654938,160.852005,161.1875,161.1909943,50756000,2021-04-06,AMZN,166.7220216
165.1804962,161.1824951,161.6900024,163.9694977,66924000,2021-04-07,AMZN,167.3655236
166.2250061,164.6000061,165.5449982,164.9649963,56242000,2021-04-08,AMZN,167.5535902
168.6100006,164.4450073,165.2350006,168.6100006,86830000,2021-04-09,AMZN,167.6085688
169.7519989,167.5574951,167.760498,168.9694977,65636000,2021-04-12,AMZN,168.874403
171.6000061,169.7814941,170.0424957,170,66316000,2021-04-13,AMZN,169.3743853
170.2064972,166.3000031,170.2019958,166.6499939,62904000,2021-04-14,AMZN,169.815271
169.8500061,167.6000061,168.5500031,168.9544983,64672000,2021-04-15,AMZN,169.7604022
170.3399963,167.7794952,169,169.9720001,63720000,2021-04-16,AMZN,169.5301888
171.7964935,168.0079956,169.5164948,168.6004944,54508000,2021-04-19,AMZN,169.685085
169.1495056,165.8000031,168.6799927,166.7344971,52460000,2021-04-20,AMZN,169.7354096
168.1430054,165.190506,165.8000031,168.1009979,44224000,2021-04-21,AMZN,169.693129
168.6434937,165.0724945,168.5839996,165.4519958,51612000,2021-04-22,AMZN,169.127186
168.75,165.4250031,165.9550018,167.0440063,63856000,2021-04-23,AMZN,168.3647418
171.4225006,166.5469971,167.3999939,170.4499969,97614000,2021-04-26,AMZN,166.8777133
173,169.9004974,172.1734924,170.8715057,76542000,2021-04-27,AMZN,166.396308
174.4940033,171.25,171.7400055,172.9250031,92638000,2021-04-28,AMZN,165.8463547
175.7225037,171.75,175.2550049,173.565506,153648000,2021-04-29,AMZN,164.8066119
177.6999969,173.125,176.2559967,173.3710022,140186000,2021-04-30,AMZN,163.6137406
174.3325043,168.6349945,174.236496,169.3244934,117510000,2021-05-03,AMZN,161.1807251
168.3990021,163.6065063,167.809494,165.5935059,108788000,2021-05-04,AMZN,160.5225372
167.7350006,163.2180023,166.9429932,163.5269928,74226000,2021-05-05,AMZN,159.8736557
165.7200012,162.3600006,163.5,165.3184967,88954000,2021-05-06,AMZN,158.8157738
166.5444946,164.4535065,165.9544983,164.5805054,94206000,2021-05-07,AMZN,157.6868581
164.1499939,159.5,164.1159973,159.5245056,116772000,2021-05-10,AMZN,155.9260741
161.8999939,156.3684998,156.8139954,161.1954956,92396000,2021-05-11,AMZN,155.6397225
160.3970032,156.6549988,159.25,157.5970001,98728000,2021-05-12,AMZN,155.4264922
160.1920013,156.6499939,159.2734985,158.0735016,67018000,2021-05-13,AMZN,154.8599785
161.4429932,159.1499939,159.2779999,161.1450043,66500000,2021-05-14,AMZN,154.2689263
164.6374969,161.7295074,162.2964935,163.5195007,74478000,2021-05-17,AMZN,154.2963659
165.6000061,161.5184937,164.6289978,161.6139984,56568000,2021-05-18,AMZN,154.6272381
161.7375031,159.1999969,159.75,161.5899963,53594000,2021-05-19,AMZN,155.0230642
162.9839935,161.8090057,162.2200012,162.3840027,52664000,2021-05-20,AMZN,155.0466296
162.8345032,159.8504944,162.5,160.154007,82098000,2021-05-21,AMZN,154.9490744
162.8975067,160.5249939,160.7749939,162.2494965,48456000,2021-05-24,AMZN,156.1951323
163.9909973,160.6880035,163.3334961,162.9524994,65222000,2021-05-25,AMZN,156.822082
164.786499,162.9255066,163.7295074,163.2579956,47680000,2021-05-26,AMZN,157.4511033
163.0180054,161.5019989,162.8000031,161.5054932,51224000,2021-05-27,AMZN,157.6426505
162.3995056,160.9850006,162.1000061,161.1535034,46596000,2021-05-28,AMZN,157.7146083
162.548996,160.4530029,162.1750031,160.9324951,48600000,2021-06-01,AMZN,159.6474866
161.75,160.3999939,161.1549988,161.6994934,40290000,2021-06-02,AMZN,160.1595858
160.7220001,159.2015076,160.2115021,159.3504944,47966000,2021-06-03,AMZN,160.1946573
161.0500031,159.940506,160.6000061,160.3110046,44994000,2021-06-04,AMZN,160.0787241
160.3999939,158.6100006,159.8665009,159.9004974,44316000,2021-06-07,AMZN,160.7902881
163.9765015,160.9004974,161.1304932,163.2055054,68334000,2021-06-08,AMZN,161.1219799
164.8789978,163.5350037,163.6434937,164.0574951,49110000,2021-06-09,AMZN,161.4211646
167.5500031,164.0574951,164.1004944,167.4824982,69530000,2021-06-10,AMZN,161.2634209
168.3289948,166.6725006,167.4824982,167.341507,56348000,2021-06-11,AMZN,160.9816872
169.25,166.7749939,167.341507,169.1934967,51394000,2021-06-14,AMZN,161.411501
169.8495026,168.1555023,169.1999969,169.1564941,48524000,2021-06-15,AMZN,161.7330393
171.3175049,168.0265045,169.6000061,170.7624969,84056000,2021-06-16,AMZN,162.0666782
174.8600006,170.0500031,170.1589966,174.4620056,102730000,2021-06-17,AMZN,161.9876686
175.3500061,173.6855011,173.9994965,174.3450012,104954000,2021-06-18,AMZN,161.8273562
174.1000061,171.6999969,173.8209991,172.697998,65542000,2021-06-21,AMZN,162.8444561
176.1889954,172.8045044,172.9029999,175.2720032,66902000,2021-06-22,AMZN,163.4202046
176.0500031,174.1600037,175.25,175.1909943,56266000,2021-06-23,AMZN,164.0274415
176.2429962,171.5424957,175.3820038,172.4539948,76640000,2021-06-24,AMZN,164.2347519
173.2409973,169.7089996,173.1999969,170.072998,78820000,2021-06-25,AMZN,164.3129032
172.3999939,170.6755066,170.8000031,172.1945038,44856000,2021-06-28,AMZN,166.0115239
172.8014984,171.1515045,171.9409943,172.4069977,41968000,2021-06-29,AMZN,166.7816337
173.5800018,171.75,172.0529938,172.0079956,48080000,2021-06-30,AMZN,167.5573345
172.8500061,170.470993,171.7304993,171.6484985,40742000,2021-07-01,AMZN,167.9025705
175.5859985,171.845993,172.5820007,175.548996,63388000,2021-07-02,AMZN,168.1379905
184.2740021,176.4499969,176.5054932,183.7870026,134896000,2021-07-06,AMZN,170.849987
186.7100067,183.9454956,185.8690033,184.8289948,106562000,2021-07-07,AMZN,171.5879432
187.9994965,181.0559998,182.1779938,186.5704956,103612000,2021-07-08,AMZN,171.8584427
187.3999939,184.6699982,186.1260071,185.9669952,74964000,2021-07-09,AMZN,171.9848157
187.864502,184.8394928,187.1999969,185.9275055,51432000,2021-07-12,AMZN,173.428966
188.654007,183.5659943,185.1049957,183.8679962,76918000,2021-07-13,AMZN,173.992653
185.8829956,183.0415039,185.4425049,184.0839996,65932000,2021-07-14,AMZN,174.5099542
184.7700043,181.0460052,184.7100067,181.5599976,63706000,2021-07-15,AMZN,174.5515835
182.3029938,178.522995,181.6654968,178.6815033,80874000,2021-07-16,AMZN,174.4456503
177.510498,174.9579926,176.6289978,177.4795074,75692000,2021-07-19,AMZN,175.2161228
179.6000061,175.8999939,178.3659973,178.6595001,65114000,2021-07-20,AMZN,175.5756252
179.3224945,177.1820068,178.8190002,179.2599945,46380000,2021-07-21,AMZN,175.9039886
182.0010071,179.1134949,179.361496,181.9015045,65308000,2021-07-22,AMZN,175.7741077
183.3054962,181.102005,182,182.8320007,48726000,2021-07-23,AMZN,175.5156717
185.6040039,182.3625031,183.658493,184.9909973,58002000,2021-07-26,AMZN,175.9496769
184.9250031,179.3074951,184.9250031,181.3195038,82638000,2021-07-27,AMZN,176.2369988
182.9210052,180.0500031,181.6889954,181.5160065,59988000,2021-07-28,AMZN,176.5118137
181.8975067,179.0005035,181.3874969,179.9960022,110400000,2021-07-29,AMZN,176.3456421
168.4069977,165.348999,167.3975067,166.3795013,199312000,2021-07-30,AMZN,176.0665318
167.9459991,165.8500061,167.6549988,166.5740051,67078000,2021-08-02,AMZN,176.513488
169.5500031,164.9884949,167.0359955,168.3119965,83146000,2021-08-03,AMZN,176.8236442
169.4440002,167.2779999,168.9674988,167.7359924,43678000,2021-08-04,AMZN,177.1274401
169.4499969,167.0460052,167.8110046,168.7994995,48670000,2021-08-05,AMZN,176.9947222
168.75,166.4519958,168.75,167.246994,52752000,2021-08-06,AMZN,176.7520517
167.7440033,166.4259949,167.1804962,167.0935059,42964000,2021-08-09,AMZN,177.3145748
167.8999939,165.75,167.2505035,166.0339966,48252000,2021-08-10,AMZN,177.662523
166.8849945,163.8894958,166.5724945,164.6054993,58944000,2021-08-11,AMZN,178.0028221
165.7254944,163.4835052,164.5,165.1750031,46282000,2021-08-12,AMZN,177.9049909
165.3034973,164.1499939,165.283493,164.6985016,41134000,2021-08-13,AMZN,177.6953544
165,160.5565033,164.1499939,164.9494934,66394000,2021-08-16,AMZN,178.3438352
164.0245056,161.2839966,163.875,162.0980072,67758000,2021-08-17,AMZN,178.7151308
162.7050018,160,162.0995026,160.0610046,56086000,2021-08-18,AMZN,179.0753741
161.6499939,159.1230011,159.701004,159.3874969,75658000,2021-08-19,AMZN,178.9933782
160.3905029,158.7879944,160.1934967,159.9974976,67168000,2021-08-20,AMZN,178.7945557
164.0449982,160.5005035,160.5950012,163.2935028,65362000,2021-08-23,AMZN,179.4329765
165.7745056,163.7290039,164,165.2890015,51036000,2021-08-24,AMZN,179.7816291
166.0500031,164.3074951,165.4934998,164.9589996,33606000,2021-08-25,AMZN,180.1066324
166.6000061,164.8000031,164.9499969,165.8000031,41976000,2021-08-26,AMZN,179.9748959
167.6159973,165.6875,166.661499,167.4815063,48048000,2021-08-27,AMZN,179.7099313
172.25,167.7610016,167.8715057,171.0785065,63844000,2021-08-30,AMZN,180.0342285
173.6289978,169.7794952,171.2400055,173.539505,87128000,2021-08-31,AMZN,180.2350189
176.3500061,173.7619934,174.8200073,173.9499969,72598000,2021-09-01,AMZN,180.3891796
175.5980072,172.75,174.7380066,173.1560059,58474000,2021-09-02,AMZN,180.0634852
174.1334991,171.8220062,172.6000061,173.9024963,51514000,2021-09-03,AMZN,179.5818833
176.4044952,173.8470001,173.8999939,175.4644928,54758000,2021-09-07,AMZN,179.0449033
177.2814941,174.783493,175.5825043,176.2749939,61068000,2021-09-08,AMZN,178.8983938
177.4994965,174.0184937,176.3009949,174.2079926,54384000,2021-09-09,AMZN,178.2657542
175.4225006,173.1454926,175.091507,173.4575043,47946000,2021-09-10,AMZN,177.4758461
174.897995,171.8999939,174.1399994,172.8585052,51380000,2021-09-13,AMZN,176.1503651
174.3404999,171.885498,173.7774963,172.5,38738000,2021-09-14,AMZN,175.8039452
174.2709961,170.1004944,172.1260071,173.789505,59150000,2021-09-15,AMZN,175.4279064
174.6275024,172.3070068,172.9980011,174.4120026,51672000,2021-09-16,AMZN,174.5991086
174.8704987,172.6065063,174.4205017,173.1260071,92332000,2021-09-17,AMZN,173.6517368
170.9499969,165.2505035,169.8000031,167.786499,93382000,2021-09-20,AMZN,172.1300145
168.9850006,166.6195068,168.75,167.1815033,55618000,2021-09-21,AMZN,171.8207948
169.4499969,167.0525055,167.5500031,169.0025024,48228000,2021-09-22,AMZN,171.5360633
171.447998,169.0025024,169.0025024,170.8000031,47588000,2021-09-23,AMZN,170.8526711
171.4629974,169.6699982,170.1004944,171.276001,42324000,2021-09-24,AMZN,170.1035837
170.7785034,166.9804993,168.5749969,170.2899933,72690000,2021-09-27,AMZN,169.4634349
168.4595032,164.5050049,167.885498,165.7980042,88616000,2021-09-28,AMZN,169.5275833
167.5650024,164.8934937,166.1054993,165.0559998,51246000,2021-09-29,AMZN,169.6452782
166.3925018,163.6994934,165.8000031,164.2519989,56848000,2021-09-30,AMZN,169.3856069
165.4584961,162.7969971,164.4505005,164.1629944,56712000,2021-10-01,AMZN,169.0730963
163.9994965,158.8125,163.9694977,159.4889984,90462000,2021-10-04,AMZN,169.7294568
163.036499,160.1230011,160.2250061,161.0500031,65384000,2021-10-05,AMZN,170.1907869
163.2169952,159.9309998,160.6764984,163.1004944,50660000,2021-10-06,AMZN,170.6734513
166.2875061,164.1529999,164.5769958,165.1215057,48182000,2021-10-07,AMZN,170.7385327
166.0715027,164.4100037,165.8500061,164.4309998,39964000,2021-10-08,AMZN,170.7034121
164.6295013,161.9049988,163.75,162.3150024,40684000,2021-10-11,AMZN,171.8531853
163.3764954,161.8139954,162.8500061,162.3665009,36392000,2021-10-12,AMZN,172.3545847
164.4190063,163.0545044,163.4855042,164.2140045,48402000,2021-10-13,AMZN,172.8131212
165.6300049,164.5390015,165.1224976,164.9929962,42190000,2021-10-14,AMZN,172.7910551
170.5209961,165.1999969,165.5709991,170.451004,103598000,2021-10-15,AMZN,172.6085373
172.4584961,169.2550049,169.4179993,172.3370056,63482000,2021-10-18,AMZN,173.0048566
172.7344971,171.1000061,171.7144928,172.2075043,47722000,2021-10-19,AMZN,173.1747741
173.1430054,170.0184937,172.6329956,170.753006,42796000,2021-10-20,AMZN,173.2761212
172.0140076,170.1499939,170.7124939,171.7505035,37628000,2021-10-21,AMZN,172.8810331
171.4920044,166.5650024,171.0500031,166.7774963,62782000,2021-10-22,AMZN,172.3199893
167.3899994,164.8849945,166.75,166.0184937,44520000,2021-10-25,AMZN,171.6520478
170.8059998,167.1990051,167.4754944,168.8034973,53966000,2021-10-26,AMZN,171.5241574
171.8500061,168.5724945,169.3999939,169.6244965,54044000,2021-10-27,AMZN,171.3709988
173.9499969,169.3000031,170.1049957,172.3285065,114174000,2021-10-28,AMZN,170.7720209
168.7409973,163.6660004,165.0010071,168.6215057,129722000,2021-10-29,AMZN,170.0636535
168.7929993,164.6009979,168.0899963,165.9055023,72178000,2021-11-01,AMZN,169.3287892
166.5559998,164.1775055,165.7505035,165.6374969,52552000,2021-11-02,AMZN,169.3068012
169.7460022,164.8760071,165.4499969,169.1999969,67944000,2021-11-03,AMZN,169.3207512
174.9315033,168.25,168.5,173.8500061,107060000,2021-11-04,AMZN,168.9456979
178.3125,173.848999,173.8500061,175.9494934,99940000,2021-11-05,AMZN,168.5120372
178.9499969,174.3930054,176.1620026,174.4490051,61480000,2021-11-08,AMZN,168.8244448
179.6885071,175.0715027,175.7624969,178.8114929,85898000,2021-11-09,AMZN,169.1932147
180.2725067,173.1544952,178.1934967,174.1024933,80548000,2021-11-10,AMZN,169.6005468
177.1620026,173.3735046,175.6499939,173.625,45288000,2021-11-11,AMZN,169.6100807
177.036499,172.3524933,174.25,176.2575073,53788000,2021-11-12,AMZN,169.5409019
179.6940002,176.2904968,176.8500061,177.2839966,58594000,2021-11-15,AMZN,170.7212235
178.8249969,176.2575073,176.9499969,177.0350037,44342000,2021-11-16,AMZN,171.2739566
179.3625031,177.2675018,178.2359924,177.4499969,51206000,2021-11-17,AMZN,171.8008225
185.2100067,178.0500031,178.3175049,184.8029938,114070000,2021-11-18,AMZN,171.8608586
188.1074982,183.7859955,185.6345062,183.8285065,98734000,2021-11-19,AMZN,171.7704104
185.6730042,178.375,183.8190002,178.6284943,96844000,2021-11-22,AMZN,172.4584915
181.0525055,176.385498,179.2519989,179.0019989,73804000,2021-11-23,AMZN,172.7149795
180.6820068,176.8424988,178.1334991,179.0204926,46560000,2021-11-24,AMZN,172.8895634
181.6750031,175.2075043,180.1049957,175.2279968,59826000,2021-11-26,AMZN,172.0221714
179.8000031,176.5749969,177.3820038,178.0785065,65312000,2021-11-29,AMZN,171.2888818
179.2884979,174.6004944,178.1750031,175.3535004,80022000,2021-11-30,AMZN,171.0763827
177.9940033,172.0800018,177.25,172.1860046,74916000,2021-12-01,AMZN,170.8053513
174.6349945,171.1875,173,171.8679962,64726000,2021-12-02,AMZN,170.0554199
173.4934998,166.9299927,172.75,169.489502,80712000,2021-12-03,AMZN,169.1640877
173.6954956,166.934494,169.6499939,171.3684998,68860000,2021-12-06,AMZN,167.7117215
177.4994965,173.3345032,174.6000061,176.164505,66410000,2021-12-07,AMZN,167.4060448
177.1799927,174.7505035,176.1504974,176.1580048,45254000,2021-12-08,AMZN,167.1215143
176.9694977,174.1394958,175.75,174.1710052,46062000,2021-12-09,AMZN,166.4384117
175.927002,170.5,175.4170074,172.2120056,60690000,2021-12-10,AMZN,165.692663
172.1000061,169.1300049,172,169.5675049,62170000,2021-12-13,AMZN,165.101324
169.4989929,166.4400024,167.5500031,169.091507,55976000,2021-12-14,AMZN,165.1979871
173.6000061,165.1950073,168.5980072,173.3150024,75794000,2021-12-15,AMZN,165.3560867
174.1660004,168.1605072,173.3684998,168.8710022,60876000,2021-12-16,AMZN,165.0750288
170.8984985,165.6134949,167.710495,170.0175018,85542000,2021-12-17,AMZN,164.7457402
167.8744965,165.6000061,166.8500061,167.0789948,57372000,2021-12-20,AMZN,165.3500482
170.716507,165.6475067,167.8504944,170.4170074,55956000,2021-12-21,AMZN,165.7812015
172.0500031,168.5005035,169.2700043,171.0370026,55036000,2021-12-22,AMZN,166.2203217
171.9750061,170.1499939,170.4279938,171.0684967,36788000,2021-12-23,AMZN,166.2240964
172.9429932,169.2154999,171.0370026,169.6694946,58688000,2021-12-27,AMZN,166.832554
172.1759949,169.135498,170.1824951,170.6609955,54638000,2021-12-28,AMZN,167.1243637
171.2120056,168.6004944,170.8399963,169.201004,35754000,2021-12-29,AMZN,167.3348753
170.8880005,168.5240021,169.6999969,168.6445007,37584000,2021-12-30,AMZN,167.0249761
169.3500061,166.5585022,168.9559937,166.7169952,47830000,2021-12-31,AMZN,166.5142723
170.7035065,166.1605072,167.5500031,170.4044952,63520000,2022-01-03,AMZN,165.6916726
171.3999939,166.3495026,170.4380035,167.5220032,70726000,2022-01-04,AMZN,165.3841994
167.1264954,164.3569946,166.8829956,164.3569946,64302000,2022-01-05,AMZN,164.9782742
164.8000031,161.9369965,163.4505005,163.2539978,51958000,2022-01-06,AMZN,164.0506037
165.2434998,162.0310059,163.8390045,162.5540009,46606000,2022-01-07,AMZN,162.9369104
161.661499,156.3045044,160.585495,161.4859924,87798000,2022-01-10,AMZN,160.5508713
166.3500061,160.7015076,161.5,165.3619995,62806000,2022-01-11,AMZN,159.8520566
166.878006,164.4170074,166.5749969,165.2070007,50030000,2022-01-12,AMZN,159.1401717
166.2214966,161.0910034,165.2505035,161.2140045,52188000,2022-01-13,AMZN,158.0013961
162.25,159.8005066,160.1499939,162.1380005,45974000,2022-01-14,AMZN,156.7786582
159.7344971,157.664505,159.1049957,158.9174957,67292000,2022-01-18,AMZN,154.3332187
159.25,156.25,158.7619934,156.298996,53242000,2022-01-19,AMZN,154.0404905
158,151.3509979,156.7660065,151.6674957,71974000,2022-01-20,AMZN,153.4115682
150.8999939,142.0704956,149.9499969,142.6430054,163972000,2022-01-21,AMZN,152.7786339
144.9450073,135.352005,139,144.5440063,155624000,2022-01-24,AMZN,152.7479403
143.6000061,138.1450043,142.2424927,139.9859924,90824000,2022-01-25,AMZN,153.10939
145.1849976,137.3184967,144.75,138.8724976,95602000,2022-01-26,AMZN,153.5589669
144.2434998,139.3500061,140.8000031,139.6374969,77516000,2022-01-27,AMZN,153.6566824
143.9980011,137.9295044,140.8605042,143.9779968,74392000,2022-01-28,AMZN,153.71725
150.3605042,144.3005066,144.75,149.5735016,78308000,2022-01-31,AMZN,155.4831197
151.7079926,147.6275024,150,151.1934967,59220000,2022-02-01,AMZN,156.276328
155.0749969,148.8634949,155.0505066,150.6125031,87330000,2022-02-02,AMZN,157.0553794
144.2474976,138.3329926,141.7375031,138.8455048,225532000,2022-02-03,AMZN,157.3724546
161.1999969,150.6080017,155.6065063,157.6394958,253456000,2022-02-04,AMZN,157.5369949
162.6909943,157.25,158.5200043,157.9355011,102624000,2022-02-07,AMZN,158.9101262
161.7924957,155.5505066,156.7505035,161.4134979,76040000,2022-02-08,AMZN,159.3469309
163.8345032,160.25,162.8735046,161.1894989,68786000,2022-02-09,AMZN,159.6679924
160.716507,157.75,158.3500061,159.0034943,68268000,2022-02-10,AMZN,159.4357119
159,152.7339935,158.1345062,153.2935028,77100000,2022-02-11,AMZN,158.9717591
158.4485016,151.6499939,151.7510071,155.1670074,83230000,2022-02-14,AMZN,158.1302206
158.0070038,154.6374969,157.6054993,156.510498,56440000,2022-02-15,AMZN,157.7728356
158.8339996,154.7344971,155.7904968,158.1004944,52704000,2022-02-16,AMZN,157.2998371
160.348999,154.5,158.1459961,154.6524963,64032000,2022-02-17,AMZN,156.2903852
155.4994965,150.8930054,155.4994965,152.6015015,63604000,2022-02-18,AMZN,155.0822824
152.9824982,148.4855042,150.4785004,150.1974945,66128000,2022-02-22,AMZN,151.5179463
151.7630005,144.651001,151.6504974,144.8269958,64244000,2022-02-23,AMZN,150.6620676
151.7489929,139.5,139.8374939,151.3580017,100786000,2022-02-24,AMZN,149.36831
153.9900055,149.213501,150.5500031,153.7884979,62396000,2022-02-25,AMZN,147.978127
154.4499969,150.8500061,152.4250031,153.5630035,57684000,2022-02-28,AMZN,145.134647
154.098999,149.977005,152.7324982,151.1419983,44874000,2022-03-01,AMZN,144.4589232
152.9994965,148.75,150.848999,152.0525055,47334000,2022-03-02,AMZN,143.8471374
153.9290009,146.8560028,153.5314941,147.8984985,65198000,2022-03-03,AMZN,142.87565
147.8500061,143.8070068,147.1589966,145.6410065,60934000,2022-03-04,AMZN,141.8757905
146.0944977,137.4165039,145.4434967,137.4530029,86934000,2022-03-07,AMZN,140.6772164
140.6994934,133.5724945,136.6835022,136.0144958,91662000,2022-03-08,AMZN,140.6066908
140.25,136.8280029,139.5,139.279007,82656000,2022-03-09,AMZN,140.6080781
148.6744995,143.9779968,145.6849976,146.8175049,135062000,2022-03-10,AMZN,140.2460629
149.6750031,145.3690033,149.5744934,145.5245056,68900000,2022-03-11,AMZN,139.8410981
147.4499969,140.8840027,145.9810028,141.8529968,74086000,2022-03-14,AMZN,140.2477459
147.9850006,142,142.8500061,147.3665009,75584000,2022-03-15,AMZN,140.6286071
153.1499939,147.3535004,148.5,153.1040039,84958000,2022-03-16,AMZN,141.0313963
157.4985046,152.1399994,152.6405029,157.2389984,72934000,2022-03-17,AMZN,141.0182887
161.5939941,156.0110016,156.8130035,161.2505035,102962000,2022-03-18,AMZN,140.9087886
163.0839996,159.5529938,161.1210022,161.4915009,66538000,2022-03-21,AMZN,141.8931723
166.1670074,161.6990051,161.8054962,164.8890076,64086000,2022-03-22,AMZN,142.3738834
166.3699951,162.6869965,163.7050018,163.4080048,55812000,2022-03-23,AMZN,142.8376648
164.1184998,160.0500031,163.7494965,163.6495056,56798000,2022-03-24,AMZN,142.8521967
165.3684998,162.25,164,164.7734985,49032000,2022-03-25,AMZN,142.7428263
169.0375061,164.8999939,164.9750061,168.9904938,59854000,2022-03-28,AMZN,143.6210227
170.8314972,167.8684998,170.3840027,169.3150024,66154000,2022-03-29,AMZN,144.04875
168.9505005,165.5,168.5095062,166.3009949,56168000,2022-03-30,AMZN,144.4582451
166.4949951,162.9535065,166.4450073,162.9974976,59966000,2022-03-31,AMZN,144.4204535
165.8269958,162.3195038,164.1495056,163.5599976,57090000,2022-04-01,AMZN,144.2497784
168.3945007,163.2055054,164.125,168.3464966,49882000,2022-04-04,AMZN,144.9763199
168.1105042,163.2660065,167.7415009,164.0549927,53728000,2022-04-05,AMZN,145.3611916
162.1999969,157.2545013,161.6504974,158.7559967,79056000,2022-04-06,AMZN,145.7276702
160.0789948,154.5115051,158.3999939,157.7845001,68136000,2022-04-07,AMZN,145.6430215
157.3684998,154.2310028,156.75,154.460495,46002000,2022-04-08,AMZN,145.4305469
154.1365051,150.5345001,152.7129974,151.121994,52112000,2022-04-11,AMZN,145.9337365
155.098999,150.3829956,153.6925049,150.7875061,55178000,2022-04-12,AMZN,146.1947316
156.0249939,149.6000061,150.0184937,155.5410004,53390000,2022-04-13,AMZN,146.4047653
155.8970032,151.4720001,155.3899994,151.7064972,51598000,2022-04-14,AMZN,146.1271573
154.039505,150.2505035,151.5234985,152.7850037,46514000,2022-04-18,AMZN,145.2329151
158.6490021,151.5505066,152.0294952,158.1154938,54926000,2022-04-19,AMZN,145.092107
157.6024933,153.6035004,157.6024933,153.9980011,59630000,2022-04-20,AMZN,144.8615905
156.7380066,147.5894928,154.7140045,148.2960052,63970000,2022-04-21,AMZN,144.1087156
149.6150055,143.6974945,148.25,144.3500061,73078000,2022-04-22,AMZN,143.1589212
146.2214966,142.3065033,144.022995,146.0740051,61874000,2022-04-25,AMZN,141.089054
144.8560028,138.9295044,144.8000031,139.3910065,77530000,2022-04-26,AMZN,140.4003199
141.9485016,135.783493,140.1914978,138.1670074,71336000,2022-04-27,AMZN,139.633606
145.9375,140.3000031,142.1779938,144.5964966,117316000,2022-04-28,AMZN,138.366117
130.7610016,121.625,129.848999,124.2815018,272662000,2022-04-29,AMZN,136.9331473
124.6679993,118.375,122.401001,124.5,148788000,2022-05-02,AMZN,133.6956404
126.2204971,122.8249969,124.0534973,124.2535019,79134000,2022-05-03,AMZN,132.7392539
126,119.1829987,123.5999985,125.9284973,110746000,2022-05-04,AMZN,131.7769343
123.4990005,115.0725021,123,116.4069977,144392000,2022-05-05,AMZN,130.3907167
119.050499,113.0814972,114.8499985,114.7724991,124260000,2022-05-06,AMZN,128.9192233
114,107.9570007,111.3125,108.7890015,128124000,2022-05-09,AMZN,126.0561846
112.6425018,107.1709976,111.25,108.8590012,105434000,2022-05-10,AMZN,125.3824943
110.1559982,104.4284973,108.1035004,105.3720016,109704000,2022-05-11,AMZN,124.7749423
110.7805023,102.4055023,102.75,106.9304962,132026000,2022-05-12,AMZN,123.809133
113.1839981,107.8000031,109.0690002,113.0550003,93684000,2022-05-13,AMZN,122.8159027
113.9925003,110.3539963,113.0999985,110.8105011,74566000,2022-05-16,AMZN,121.6406033
115.8000031,111.2764969,113.2750015,115.3684998,76448000,2022-05-17,AMZN,121.5785654
112.8529968,106.2490005,111.4394989,107.1125031,108380000,2022-05-18,AMZN,121.5885378
110.0339966,106.1930008,106.2805023,107.3190002,88142000,2022-05-19,AMZN,121.2348601
109.8980026,105.0094986,109.5684967,107.5910034,99500000,2022-05-20,AMZN,120.8374353
108.8190002,103.9499969,108.4609985,107.5569992,107798000,2022-05-23,AMZN,121.2525143
105.4000015,101.2600021,104.0250015,104.0999985,102934000,2022-05-24,AMZN,121.626888
108.1750031,103.6500015,103.6555023,106.7750015,93120000,2022-05-25,AMZN,122.0155509
112.6654968,107.4534988,107.9700012,111.0774994,93002000,2022-05-26,AMZN,121.9785166
115.1869965,112.6279984,113.5500031,115.1464996,93660000,2022-05-27,AMZN,121.832952
121.9944992,115.6750031,116.2799988,120.2095032,144634000,2022-05-31,AMZN,122.9838356
125.1790009,120.6224976,122.2559967,121.6839981,127528000,2022-06-01,AMZN,123.3152934
125.6100006,120.0449982,121.6839981,125.5110016,100560000,2022-06-02,AMZN,123.1724136
124.4000015,121.0465012,124.1999969,122.3499985,97604000,2022-06-03,AMZN,122.8795244
128.9900055,123.8099976,125.25,124.7900009,135269000,2022-06-06,AMZN,123.0499959
124.0999985,120.6299973,122.0100021,123,85156700,2022-06-07,AMZN,123.1930547
123.75,120.75,122.6100006,121.1800003,64926600,2022-06-08,AMZN,123.2974371
121.3000031,116.0999985,119.9899979,116.1500015,67029800,2022-06-09,AMZN,122.9377991
114.5,109.0500031,113.4199982,109.6500015,87266000,2022-06-10,AMZN,122.4463863
106.5400009,101.8600006,104.1900024,103.6699982,99277700,2022-06-13,AMZN,122.1971834
104.8799973,101.4300003,104.1900024,102.3099976,69728800,2022-06-14,AMZN,122.2758628
109.0599976,103.5299988,103.8600006,107.6699982,85011100,2022-06-15,AMZN,122.3590415
104.5800018,102.0100021,104.4700012,103.6600037,82186300,2022-06-16,AMZN,122.0226858
106.9800034,102.5100021,102.8000031,106.2200012,99772100,2022-06-17,AMZN,121.5990381
111.6299973,103.5599976,108.1999969,108.6800003,70901200,2022-06-21,AMZN,122.1012097
112.1299973,107.0199966,107.4300003,108.9499969,60040100,2022-06-22,AMZN,122.4327571
113,107.9300003,110.3899994,112.4400024,64345300,2022-06-23,AMZN,122.3657636
116.7099991,111.4300003,112.3799973,116.4599991,69867600,2022-06-24,AMZN,122.225897
117.9800034,112.6999969,117.0899963,113.2200012,62133200,2022-06-27,AMZN,123.2969861
114.8499985,107.0400009,113.5,107.4000015,74942900,2022-06-28,AMZN,123.8696876
110.9899979,106.9100037,107.3799973,108.9199982,66375300,2022-06-29,AMZN,124.454923
108.1800003,102.5199966,108.1100006,106.2099991,97679400,2022-06-30,AMZN,124.6170027
109.75,105.8499985,106.2900009,109.5599976,73021200,2022-07-01,AMZN,124.6767546
114.0800018,106.3199997,107.5999985,113.5,76583700,2022-07-05,AMZN,126.758256
115.4800034,112.0100021,113.2099991,114.3300018,66958900,2022-07-06,AMZN,127.3545443
116.9899979,113.4899979,113.8499985,116.3300018,57872300,2022-07-07,AMZN,127.4884557
116.5800018,113.6900024,114.5999985,115.5400009,45719700,2022-07-08,AMZN,127.4824969
114.3000031,110.8700027,114.0800018,111.75,53487600,2022-07-11,AMZN,128.5462381
113.2300034,108.3399963,112.1600037,109.2200012,54280300,2022-07-12,AMZN,128.9856082
111.7799988,106.0100021,107.0299988,110.4000015,61353800,2022-07-13,AMZN,129.3783711
111.1800003,107.5800018,110.2399979,110.6299973,51163100,2022-07-14,AMZN,129.2944426
115.5899963,111.5899963,112.5,113.5500031,84317800,2022-07-15,AMZN,129.0612133
117.2399979,113.1500015,115,113.7600021,59115400,2022-07-18,AMZN,129.4336511
118.9499969,114.0299988,115.6999969,118.2099991,60990000,2022-07-19,AMZN,129.6537337
123.4800034,118.3199997,118.6200027,122.7699966,71268300,2022-07-20,AMZN,129.8389104
124.8499985,121.2600021,123.1999969,124.6299973,60239900,2022-07-21,AMZN,129.5620047
125.5,121.3499985,125.0100021,122.4199982,51463800,2022-07-22,AMZN,129.1527366
123.6399994,120.0299988,122.6999969,121.1399994,50221300,2022-07-25,AMZN,129.1130131
118.1500015,114.5299988,115.7900009,114.8099976,67075100,2022-07-26,AMZN,129.2362256
121.9000015,117.1600037,117.3099976,120.9700012,61582000,2022-07-27,AMZN,129.3443877
122.8399963,118.0800018,121.5699997,122.2799988,82245500,2022-07-28,AMZN,129.0093922
137.6499939,132.4100037,134.8999939,134.9499969,148892900,2022-07-29,AMZN,128.5596638
138.8300018,133.5099945,134.9600067,135.3899994,76846900,2022-08-01,AMZN,128.487565
137.4400024,134.0899963,134.7200012,134.1600037,61922400,2022-08-02,AMZN,128.6233515
140.4900055,136.0500031,136.2100067,139.5200043,71827800,2022-08-03,AMZN,128.7525314
143.5599976,139.5500031,140.5800018,142.5700073,70585000,2022-08-04,AMZN,128.4451436
142.8600006,139.6000061,140.1000061,140.8000031,50686900,2022-08-05,AMZN,128.027898
144.2299957,138.2899933,142.0500031,139.4100037,52229000,2022-08-08,AMZN,128.0681756
138.9499969,136.2100067,138.0500031,137.8300018,40434700,2022-08-09,AMZN,128.242692
144.6000061,141.0099945,142.8999939,142.6900024,54773800,2022-08-10,AMZN,128.4099196
144.4900055,139.7599945,143.8600006,140.6399994,44867300,2022-08-11,AMZN,128.1393926
143.5700073,140.1199951,142.0500031,143.5500031,47643500,2022-08-12,AMZN,127.7574626
143.7599945,141.4900055,142.8000031,143.1799927,39014600,2022-08-15,AMZN,127.8920974
146.5700073,142,143.9100037,144.7799988,59102900,2022-08-16,AMZN,128.0935006
143.3800049,140.7799988,142.6900024,142.1000061,48149800,2022-08-17,AMZN,128.2848384
142.7700043,140.3800049,141.3200073,142.3000031,37458700,2022-08-18,AMZN,128.0351648
141.1100006,137.9100037,140.4700012,138.2299957,47792800,2022-08-19,AMZN,127.6701746
136.3200073,132.8500061,135.7200012,133.2200012,50461500,2022-08-22,AMZN,127.822468
134.9900055,132.9499969,133.4100037,133.6199951,36252100,2022-08-23,AMZN,128.014404
135.4700012,132.1000061,132.75,133.8000031,38627000,2022-08-24,AMZN,128.1859571
137.4199982,134.2799988,135.2599945,137.2799988,37496300,2022-08-25,AMZN,127.9043698
137.8300018,130.5,136.5500031,130.75,53322700,2022-08-26,AMZN,127.4934436
131.9499969,128.7700043,129.8999939,129.7899933,48101600,2022-08-29,AMZN,127.4050974
132.0700073,126.8499985,131.25,128.7299957,49203000,2022-08-30,AMZN,127.4769478
130.5899963,126.7399979,129.4499969,126.7699966,53648700,2022-08-31,AMZN,127.506302
128.0200043,123.6600037,126,127.8199997,56636100,2022-09-01,AMZN,127.0596507
131.3800049,126.3899994,129.5,127.5100021,57429800,2022-09-02,AMZN,126.4605281
128.6199951,124.7399979,127.9199982,126.1100006,43888600,2022-09-06,AMZN,125.4751027
129.8200073,125.4000015,126.1200027,129.4799957,47900300,2022-09-07,AMZN,125.2177006
130.2799988,127.0999985,127.7200012,129.8200073,43988500,2022-09-08,AMZN,124.4726533
133.6900024,130.7599945,130.9100037,133.2700043,49387600,2022-09-09,AMZN,123.5677135
136.4900055,134,134.1000061,136.4499969,53826900,2022-09-12,AMZN,121.8701436
131.3999939,126.2699966,131.0099945,126.8199997,72694000,2022-09-13,AMZN,121.3871005
128.8399963,126.3300018,127.3600006,128.5500031,45316800,2022-09-14,AMZN,120.8665275
130.3699951,125.5,127.3799973,126.2799988,52887200,2022-09-15,AMZN,119.8844896
123.8700027,120.6999969,122.7799988,123.5299988,115667800,2022-09-16,AMZN,118.7745315
124.7099991,121.8000031,122.1600037,124.6600037,47279700,2022-09-19,AMZN,116.7053761
124.4000015,121.1399994,123.3499985,122.1900024,47698400,2022-09-20,AMZN,116.1936457
123.7600021,118.4499969,122.4899979,118.5400009,58498900,2022-09-21,AMZN,115.6968821
118.7900009,116.2600021,117.0800018,117.3099976,55229200,2022-09-22,AMZN,114.7925793
116.0500031,112.0599976,116,113.7799988,65126700,2022-09-23,AMZN,113.8145687
117.3399963,113.1299973,113.3000031,115.1500015,62723300,2022-09-26,AMZN,112.4512536
118.3199997,113.0500031,117.1999969,114.4100037,60094700,2022-09-27,AMZN,112.2669482
118.6999969,113.8000031,114.3799973,118.0100021,55763800,2022-09-28,AMZN,112.1351705
116.0699997,113.0599976,115.5999985,114.8000031,58969700,2022-09-29,AMZN,111.6267271
116.9199982,112.8399963,114.0800018,113,59479600,2022-09-30,AMZN,111.0678817
116.9100037,112.4499969,113.5800018,115.8799973,50941900,2022-10-03,AMZN,111.0165676
123,119.7900009,119.8899994,121.0899963,62812600,2022-10-04,AMZN,111.2574959
121.75,117.6900024,118.5800018,120.9499969,48217500,2022-10-05,AMZN,111.5296221
121.5299988,119.5,120.7699966,120.3000031,42253800,2022-10-06,AMZN,111.3949806
118.1699982,113.8799973,118,114.5599976,54678000,2022-10-07,AMZN,111.171649
116.25,112.4300003,115.0999985,113.6699982,42339700,2022-10-10,AMZN,111.8285781
115.4800034,110.3899994,112.7099991,112.2099991,56432200,2022-10-11,AMZN,112.1890431
113.8300018,111.4000015,112.4899979,112.9000015,45728700,2022-10-12,AMZN,112.5172838
113.4400024,105.3499985,107.8799973,112.5299988,86868100,2022-10-13,AMZN,112.374516
114.9599991,106.5999985,114.0999985,106.9000015,67737300,2022-10-14,AMZN,112.0795939
114.1900024,110.0899963,110.1100006,113.7900009,62782000,2022-10-17,AMZN,112.1724255
119.5199966,114.7900009,119.0599976,116.3600006,65607400,2022-10-18,AMZN,112.246327
116.5899963,113.2200012,114.7099991,115.0699997,47198100,2022-10-19,AMZN,112.2509779
118.2399979,113.5100021,113.8300018,115.25,48795100,2022-10-20,AMZN,111.7565452
119.5899963,114.5,114.7900009,119.3199997,55660500,2022-10-21,AMZN,111.0916041
120.3899994,116.5699997,119.9800034,119.8199997,49531500,2022-10-24,AMZN,110.0676333
121.3199997,118.9499969,119.6500015,120.5999985,50934600,2022-10-25,AMZN,109.801618
119.3499985,114.7600021,116,115.6600037,68802300,2022-10-26,AMZN,109.4989183
114.1200027,109.7699966,113.9199982,110.9599991,129605400,2022-10-27,AMZN,108.7384199
103.9599991,97.66000366,97.91000366,103.4100037,223133400,2022-10-28,AMZN,107.8563206
104.8700027,100.7399979,103.5599976,102.4400024,99251400,2022-10-31,AMZN,106.529773
104.5800018,96.05999756,103.9899979,96.79000092,153370000,2022-11-01,AMZN,106.2896483
97.73999786,92.01000214,97.31999969,92.12000275,135761800,2022-11-02,AMZN,106.0770668
93.5,89.01999664,92.47000122,89.30000305,136683300,2022-11-03,AMZN,105.4687202
92.44000244,88.04000092,91.48999786,90.98000336,128999900,2022-11-04,AMZN,104.7968452
92.09999847,89.04000092,91.94999695,90.52999878,77495700,2022-11-07,AMZN,104.3855589
91.72000122,88.23000336,90.79000092,89.98000336,88703400,2022-11-08,AMZN,104.5171993
89.48000336,85.87000275,89.47000122,86.13999939,90796200,2022-11-09,AMZN,104.692953
98.69000244,91.65000153,92.94000244,96.62999725,173414900,2022-11-10,AMZN,104.4784001
,,,,,2022-11-11,AMZN,104.1943811
,,,,,2022-11-12,AMZN,106.3718873
,,,,,2022-11-13,AMZN,106.5146913
,,,,,2022-11-14,AMZN,104.7994041
,,,,,2022-11-15,AMZN,105.1864774
,,,,,2022-11-16,AMZN,105.5613776
,,,,,2022-11-17,AMZN,105.4829673
,,,,,2022-11-18,AMZN,105.2670401
,,,,,2022-11-19,AMZN,107.4413706
,,,,,2022-11-20,AMZN,107.5084548
,,,,,2022-11-21,AMZN,105.6456244
,,,,,2022-11-22,AMZN,105.8160512
,,,,,2022-11-23,AMZN,105.9098678
,,,,,2022-11-24,AMZN,105.4924414
,,,,,2022-11-25,AMZN,104.8877482
,,,,,2022-11-26,AMZN,106.6332142
,,,,,2022-11-27,AMZN,106.2422046
,,,,,2022-11-28,AMZN,103.9038491
,,,,,2022-11-29,AMZN,103.5937294
,,,,,2022-11-30,AMZN,103.2146623
,,,,,2022-12-01,AMZN,102.3446246
,,,,,2022-12-02,AMZN,101.3197763
,,,,,2022-12-03,AMZN,102.6889599
,,,,,2022-12-04,AMZN,101.9758641
,,,,,2022-12-05,AMZN,99.37855081
,,,,,2022-12-06,AMZN,98.87988048
,,,,,2022-12-07,AMZN,98.38807491