high,low,open,close,volume,date,ticker
90.75299835205078,90.05049896240234,90.05049896240234,90.23300170898438,55438000,2019-11-04,AMZN
90.51249694824219,89.69999694824219,90.45800018310547,90.08550262451172,37710000,2019-11-05,AMZN
90.125,89.42900085449219,90.05000305175781,89.78849792480469,40596000,2019-11-06,AMZN
90.29499816894531,89.17400360107422,90.18800354003906,89.41000366210938,53022000,2019-11-07,AMZN
89.49400329589844,88.7020034790039,89.39450073242188,89.29399871826172,42466000,2019-11-08,AMZN
89.0,88.35649871826172,88.9000015258789,88.5824966430664,38920000,2019-11-11,AMZN
89.31099700927734,88.59549713134766,88.73300170898438,88.9000015258789,40752000,2019-11-12,AMZN
88.75,87.36599731445312,88.66950225830078,87.65550231933594,59790000,2019-11-13,AMZN
88.32949829101562,87.47799682617188,87.57150268554688,87.7300033569336,45296000,2019-11-14,AMZN
88.08399963378906,86.64299774169922,88.00250244140625,86.97450256347656,78552000,2019-11-15,AMZN
87.68499755859375,86.135498046875,86.91500091552734,87.62650299072266,56790000,2019-11-18,AMZN
88.03399658203125,87.15149688720703,87.84950256347656,87.6395034790039,45416000,2019-11-19,AMZN
88.1259994506836,86.70600128173828,87.45700073242188,87.27649688720703,55800000,2019-11-20,AMZN
87.34349822998047,86.51799774169922,87.1500015258789,86.7354965209961,53258000,2019-11-21,AMZN
87.32150268554688,86.55000305175781,86.95099639892578,87.28600311279297,49582000,2019-11-22,AMZN
88.87100219726562,87.66200256347656,87.6624984741211,88.69200134277344,69724000,2019-11-25,AMZN
89.85150146484375,88.9175033569336,88.99600219726562,89.84700012207031,63624000,2019-11-26,AMZN
91.2249984741211,89.8655014038086,90.05000305175781,90.92549896240234,60512000,2019-11-27,AMZN
91.2344970703125,90.03949737548828,90.88899993896484,90.04000091552734,38468000,2019-11-29,AMZN
90.27749633789062,88.13400268554688,90.22000122070312,89.08000183105469,78512000,2019-12-02,AMZN
88.64350128173828,87.36150360107422,88.0,88.49800109863281,67618000,2019-12-03,AMZN
89.45449829101562,88.01100158691406,88.70050048828125,88.03450012207031,53402000,2019-12-04,AMZN
88.17500305175781,87.0,88.17500305175781,87.02400207519531,56476000,2019-12-05,AMZN
87.72000122070312,87.00650024414062,87.55999755859375,87.58000183105469,62348000,2019-12-06,AMZN
88.34449768066406,87.28050231933594,87.53299713134766,87.47550201416016,48856000,2019-12-09,AMZN
87.53350067138672,86.75,87.37000274658203,86.96050262451172,50286000,2019-12-10,AMZN
87.5,86.7854995727539,87.08350372314453,87.43599700927734,41952000,2019-12-11,AMZN
88.19999694824219,87.27200317382812,87.5,88.0165023803711,61918000,2019-12-12,AMZN
88.44950103759766,87.75,88.25,88.0469970703125,54914000,2019-12-13,AMZN
88.4749984741211,87.85250091552734,88.3499984741211,88.46050262451172,62904000,2019-12-16,AMZN
89.5999984741211,88.86949920654297,88.90049743652344,89.53299713134766,72888000,2019-12-17,AMZN
89.91000366210938,89.11799621582031,89.7509994506836,89.20149993896484,67028000,2019-12-18,AMZN
89.64949798583984,88.7030029296875,89.0250015258789,89.61399841308594,53056000,2019-12-19,AMZN
90.14849853515625,89.12249755859375,89.98100280761719,89.32499694824219,103016000,2019-12-20,AMZN
89.6500015258789,89.22550201416016,89.41300201416016,89.6500015258789,42728000,2019-12-23,AMZN
89.77850341796875,89.37899780273438,89.69049835205078,89.46050262451172,17626000,2019-12-24,AMZN
93.52300262451172,89.9749984741211,90.05049896240234,93.4384994506836,120108000,2019-12-26,AMZN
95.06999969482422,93.30049896240234,94.14600372314453,93.48999786376953,123732000,2019-12-27,AMZN
94.19999694824219,92.03099822998047,93.69999694824219,92.34449768066406,73494000,2019-12-30,AMZN
92.66300201416016,91.61150360107422,92.0999984741211,92.39199829101562,50130000,2019-12-31,AMZN
94.90049743652344,93.2074966430664,93.75,94.90049743652344,80580000,2020-01-02,AMZN
94.30999755859375,93.2249984741211,93.2249984741211,93.74849700927734,75288000,2020-01-03,AMZN
95.18450164794922,93.0,93.0,95.14399719238281,81236000,2020-01-06,AMZN
95.69450378417969,94.60199737548828,95.2249984741211,95.34300231933594,80898000,2020-01-07,AMZN
95.55000305175781,94.3219985961914,94.9020004272461,94.59850311279297,70160000,2020-01-08,AMZN
95.89099884033203,94.79000091552734,95.49449920654297,95.05249786376953,63346000,2020-01-09,AMZN
95.34700012207031,94.0,95.26850128173828,94.15799713134766,57074000,2020-01-10,AMZN
94.9000015258789,94.04000091552734,94.56549835205078,94.56500244140625,55616000,2020-01-13,AMZN
94.35549926757812,92.92749786376953,94.29399871826172,93.47200012207031,68818000,2020-01-14,AMZN
93.94300079345703,92.75450134277344,93.61250305175781,93.10099792480469,57932000,2020-01-15,AMZN
94.27950286865234,93.3010025024414,94.14949798583984,93.89700317382812,53190000,2020-01-16,AMZN
94.33200073242188,92.86250305175781,94.29450225830078,93.23600006103516,79946000,2020-01-17,AMZN
94.7135009765625,93.0,93.25,94.5999984741211,74156000,2020-01-21,AMZN
95.125,94.16699981689453,94.80449676513672,94.37300109863281,64326000,2020-01-22,AMZN
94.4990005493164,93.63800048828125,94.25550079345703,94.22899627685547,49692000,2020-01-23,AMZN
94.74949645996094,92.37200164794922,94.56849670410156,93.08200073242188,75324000,2020-01-24,AMZN
92.05000305175781,90.76699829101562,91.0,91.41699981689453,70570000,2020-01-27,AMZN
92.90550231933594,91.5009994506836,92.0250015258789,92.6624984741211,56160000,2020-01-28,AMZN
93.73750305175781,92.7509994506836,93.19999694824219,92.9000015258789,41760000,2020-01-29,AMZN
93.64350128173828,92.53050231933594,92.9000015258789,93.53399658203125,126548000,2020-01-30,AMZN
102.78600311279297,100.1135025024414,102.57350158691406,100.43599700927734,311346000,2020-01-31,AMZN
102.42500305175781,100.01249694824219,100.52999877929688,100.20999908447266,117834000,2020-02-03,AMZN
102.98999786376953,100.76850128173828,101.49400329589844,102.4834976196289,105786000,2020-02-04,AMZN
103.5510025024414,101.5999984741211,103.5510025024414,101.99349975585938,87524000,2020-02-05,AMZN
102.81500244140625,101.23999786376953,102.0510025024414,102.5114974975586,63660000,2020-02-06,AMZN
104.92649841308594,101.90499877929688,102.09950256347656,103.96399688720703,101906000,2020-02-07,AMZN
106.77999877929688,104.24800109863281,104.25050354003906,106.69550323486328,101124000,2020-02-10,AMZN
109.29750061035156,106.80000305175781,107.54499816894531,107.54000091552734,114920000,2020-02-11,AMZN
109.01249694824219,107.7645034790039,108.16000366210938,108.0,66686000,2020-02-12,AMZN
108.51399993896484,107.0999984741211,107.24949645996094,107.49349975585938,60636000,2020-02-13,AMZN
107.9520034790039,106.29450225830078,107.78399658203125,106.74349975585938,52124000,2020-02-14,AMZN
108.30349731445312,106.20549774169922,106.2509994506836,107.78350067138672,58912000,2020-02-18,AMZN
109.25499725341797,108.05599975585938,108.38999938964844,108.51100158691406,51224000,2020-02-19,AMZN
108.8395004272461,106.37249755859375,108.65350341796875,107.65499877929688,62626000,2020-02-20,AMZN
107.22750091552734,104.4000015258789,107.10749816894531,104.79850006103516,92926000,2020-02-21,AMZN
101.96499633789062,99.39849853515625,100.15899658203125,100.4645004272461,130940000,2020-02-24,AMZN
101.7300033569336,97.9209976196289,101.32099914550781,98.63700103759766,124382000,2020-02-25,AMZN
100.7334976196289,98.02249908447266,98.51399993896484,98.97949981689453,104492000,2020-02-26,AMZN
98.75,94.13800048828125,96.71900177001953,94.21499633789062,162880000,2020-02-27,AMZN
94.48799896240234,90.55650329589844,90.73149871826172,94.1875,189620000,2020-02-28,AMZN
97.72550201416016,93.5,95.32450103759766,97.69750213623047,135234000,2020-03-02,AMZN
99.81649780273438,94.40450286865234,98.76850128173828,95.44950103759766,150690000,2020-03-03,AMZN
98.9000015258789,96.0999984741211,97.32849884033203,98.79149627685547,95458000,2020-03-04,AMZN
98.03600311279297,95.5,96.6500015258789,96.20149993896484,94964000,2020-03-05,AMZN
95.54350280761719,93.4749984741211,93.75,95.05449676513672,105472000,2020-03-06,AMZN
93.13849639892578,88.06449890136719,88.69300079345703,90.03050231933594,156264000,2020-03-09,AMZN
94.7135009765625,90.90850067138672,93.54399871826172,94.59100341796875,142666000,2020-03-10,AMZN
93.56600189208984,90.07499694824219,92.89250183105469,91.04299926757812,112496000,2020-03-11,AMZN
88.25,83.75,86.0989990234375,83.83049774169922,226924000,2020-03-12,AMZN
89.31549835205078,84.03099822998047,87.75,89.25,176194000,2020-03-13,AMZN
87.97250366210938,81.30149841308594,82.07550048828125,84.4574966430664,178346000,2020-03-16,AMZN
92.88899993896484,84.46199798583984,88.77349853515625,90.39199829101562,218342000,2020-03-17,AMZN
92.08300018310547,87.25,87.5,91.5,192904000,2020-03-18,AMZN
97.25,91.63249969482422,93.0,94.04650115966797,207998000,2020-03-19,AMZN
97.8499984741211,91.0364990234375,96.31549835205078,92.30449676513672,196358000,2020-03-20,AMZN
95.97000122070312,90.5999984741211,91.38749694824219,95.1415023803711,156170000,2020-03-23,AMZN
97.75,95.01699829101562,97.57499694824219,97.00499725341797,142942000,2020-03-24,AMZN
97.51300048828125,94.28900146484375,96.03450012207031,94.29199981689453,129582000,2020-03-25,AMZN
97.82450103759766,94.4645004272461,95.0999984741211,97.77449798583984,124426000,2020-03-26,AMZN
96.989501953125,94.99600219726562,96.54299926757812,95.00499725341797,107758000,2020-03-27,AMZN
98.68150329589844,95.61699676513672,96.1415023803711,98.19750213623047,122522000,2020-03-30,AMZN
99.6510009765625,97.20050048828125,98.21749877929688,97.48600006103516,102472000,2020-03-31,AMZN
97.24800109863281,94.6500015258789,96.64849853515625,95.38500213623047,82438000,2020-04-01,AMZN
96.37650299072266,94.5,95.08200073242188,95.94149780273438,86720000,2020-04-02,AMZN
96.31649780273438,94.4574966430664,95.55750274658203,95.32949829101562,72198000,2020-04-03,AMZN
99.9260025024414,96.5009994506836,96.80000305175781,99.87950134277344,115464000,2020-04-06,AMZN
101.78600311279297,99.88099670410156,100.85549926757812,100.58000183105469,102280000,2020-04-07,AMZN
102.19999694824219,100.55750274658203,101.05000305175781,102.1500015258789,79546000,2020-04-08,AMZN
102.6500015258789,100.88300323486328,102.21499633789062,102.13800048828125,92930000,2020-04-09,AMZN
109.0,101.9000015258789,102.0,108.44349670410156,134334000,2020-04-13,AMZN
114.5999984741211,109.31050109863281,110.02349853515625,114.16600036621094,161744000,2020-04-14,AMZN
116.66850280761719,112.25,112.88400268554688,115.38400268554688,137332000,2020-04-15,AMZN
123.05000305175781,116.75,117.30000305175781,120.40950012207031,240764000,2020-04-16,AMZN
120.0,115.8010025024414,118.61650085449219,118.75,158600000,2020-04-17,AMZN
122.2490005493164,119.30249786376953,119.49749755859375,119.68049621582031,115414000,2020-04-20,AMZN
121.41549682617188,113.98300170898438,120.83049774169922,116.40599822998047,149534000,2020-04-21,AMZN
119.69999694824219,117.55000305175781,118.44999694824219,118.17449951171875,84244000,2020-04-22,AMZN
121.21099853515625,119.10399627685547,119.9990005493164,119.97250366210938,101332000,2020-04-23,AMZN
121.02149963378906,119.0999984741211,120.8499984741211,120.51100158691406,76498000,2020-04-24,AMZN
122.24400329589844,118.1500015258789,122.16000366210938,118.80000305175781,112912000,2020-04-27,AMZN
118.67500305175781,115.30000305175781,118.6050033569336,115.7040023803711,105388000,2020-04-28,AMZN
119.59449768066406,115.5,116.50050354003906,118.635498046875,91832000,2020-04-29,AMZN
123.75,119.80049896240234,120.99199676513672,123.69999694824219,190692000,2020-04-30,AMZN
118.12200164794922,112.90950012207031,116.83999633789062,114.302001953125,195452000,2020-05-01,AMZN
116.3489990234375,112.81900024414062,112.81900024414062,115.79949951171875,97318000,2020-05-04,AMZN
117.55000305175781,115.35649871826172,117.0,115.88999938964844,64850000,2020-05-05,AMZN
117.87249755859375,116.0,116.47200012207031,117.56300354003906,62356000,2020-05-06,AMZN
118.80000305175781,117.15550231933594,118.73899841308594,118.38050079345703,67928000,2020-05-07,AMZN
119.36199951171875,117.8499984741211,118.60700225830078,118.98049926757812,64132000,2020-05-08,AMZN
120.9834976196289,118.60549926757812,118.73500061035156,120.44999694824219,65184000,2020-05-11,AMZN
120.94999694824219,117.75,120.59249877929688,117.84750366210938,61498000,2020-05-12,AMZN
120.38500213623047,116.88999938964844,118.33999633789062,118.39600372314453,95658000,2020-05-13,AMZN
119.56849670410156,117.6604995727539,118.05049896240234,119.44249725341797,72962000,2020-05-14,AMZN
120.55000305175781,117.81849670410156,118.4260025024414,120.48899841308594,84700000,2020-05-15,AMZN
121.6500015258789,119.20050048828125,120.21749877929688,121.31300354003906,87144000,2020-05-18,AMZN
124.25,121.44850158691406,121.49150085449219,122.46649932861328,86410000,2020-05-19,AMZN
125.00050354003906,123.3635025024414,123.89350128173828,124.89700317382812,79962000,2020-05-20,AMZN
126.27249908447266,122.12699890136719,125.0,122.33699798583984,102288000,2020-05-21,AMZN
123.49250030517578,121.50650024414062,122.75050354003906,121.84400177001953,57342000,2020-05-22,AMZN
123.0999984741211,120.7030029296875,122.9000015258789,121.09300231933594,71364000,2020-05-26,AMZN
120.67900085449219,116.5,120.24949645996094,120.51950073242188,101138000,2020-05-27,AMZN
121.84850311279297,118.9114990234375,119.21649932861328,120.05500030517578,63804000,2020-05-28,AMZN
122.11849975585938,119.91000366210938,120.7969970703125,122.11849975585938,70198000,2020-05-29,AMZN
123.84649658203125,122.20850372314453,122.4000015258789,123.552001953125,58578000,2020-06-01,AMZN
123.67649841308594,122.2655029296875,123.3499984741211,123.62049865722656,50598000,2020-06-02,AMZN
124.4000015258789,123.05850219726562,123.40049743652344,123.91999816894531,53420000,2020-06-03,AMZN
125.37699890136719,122.50050354003906,123.87149810791016,123.02999877929688,58974000,2020-06-04,AMZN
124.43250274658203,121.85649871826172,122.22550201416016,124.1500015258789,66128000,2020-06-05,AMZN
126.5,124.36699676513672,125.01000213623047,126.2030029296875,79414000,2020-06-08,AMZN
131.32150268554688,126.25,126.47200012207031,130.04299926757812,103520000,2020-06-09,AMZN
136.11749267578125,131.31300354003906,132.25,132.37249755859375,98920000,2020-06-10,AMZN
133.56900024414062,126.8115005493164,130.1750030517578,127.89800262451172,116002000,2020-06-11,AMZN
131.07400512695312,125.1675033569336,130.0605010986328,127.2509994506836,108722000,2020-06-12,AMZN
129.1999969482422,125.4000015258789,126.33000183105469,128.63400268554688,77302000,2020-06-15,AMZN
131.0,128.8000030517578,131.0,130.7635040283203,71712000,2020-06-16,AMZN
132.75,131.59100341796875,132.375,132.0489959716797,59186000,2020-06-17,AMZN
132.98199462890625,131.8054962158203,132.35049438476562,132.69900512695312,49756000,2020-06-18,AMZN
134.8715057373047,132.9499969482422,133.9040069580078,133.75050354003906,115540000,2020-06-19,AMZN
135.75,133.4499969482422,134.22500610351562,135.6909942626953,64176000,2020-06-22,AMZN
139.15550231933594,135.90199279785156,136.30099487304688,138.2205047607422,84634000,2020-06-23,AMZN
139.8000030517578,136.0500030517578,139.0,136.72000122070312,90532000,2020-06-24,AMZN
137.81149291992188,135.60699462890625,136.9774932861328,137.72900390625,59374000,2020-06-25,AMZN
139.1284942626953,134.39999389648438,138.7530059814453,134.64349365234375,130016000,2020-06-26,AMZN
134.83999633789062,131.50399780273438,134.50050354003906,134.0189971923828,84468000,2020-06-29,AMZN
138.48150634765625,133.75149536132812,134.2534942626953,137.9409942626953,75394000,2020-06-30,AMZN
144.75,137.6999969482422,137.89950561523438,143.93499755859375,127268000,2020-07-01,AMZN
147.7779998779297,143.55499267578125,145.60049438476562,144.51499938964844,131868000,2020-07-02,AMZN
152.99400329589844,146.5,146.74850463867188,152.8520050048828,137612000,2020-07-06,AMZN
153.4774932861328,149.5,152.92750549316406,150.00599670410156,105150000,2020-07-07,AMZN
154.19850158691406,150.6215057373047,151.1304931640625,154.0554962158203,100752000,2020-07-08,AMZN
159.69400024414062,153.6999969482422,155.79949951171875,159.13150024414062,127774000,2020-07-09,AMZN
160.75,156.78500366210938,159.58799743652344,160.0,109720000,2020-07-10,AMZN
167.21449279785156,153.41949462890625,162.55299377441406,155.1999969482422,154408000,2020-07-13,AMZN
156.36900329589844,147.5,154.4499969482422,154.1999969482422,144638000,2020-07-14,AMZN
154.91749572753906,148.65899658203125,154.01150512695312,150.44349670410156,115778000,2020-07-15,AMZN
151.60000610351562,145.9114990234375,148.55299377441406,149.9949951171875,127884000,2020-07-16,AMZN
151.1999969482422,147.42250061035156,150.4499969482422,148.09849548339844,95226000,2020-07-17,AMZN
160.0679931640625,149.7010040283203,150.00999450683594,159.8419952392578,151964000,2020-07-20,AMZN
162.0290069580078,155.28599548339844,161.62449645996094,156.9145050048828,122426000,2020-07-21,AMZN
157.5,153.26300048828125,156.25,154.99549865722656,82084000,2020-07-22,AMZN
154.9134979248047,148.5,154.9134979248047,149.32749938964844,113138000,2020-07-23,AMZN
151.57899475097656,144.39999389648438,146.5,150.44549560546875,112648000,2020-07-24,AMZN
154.89999389648438,150.7884979248047,153.10000610351562,152.760498046875,83410000,2020-07-27,AMZN
153.85450744628906,149.78799438476562,152.7135009765625,150.01649475097656,62534000,2020-07-28,AMZN
151.95799255371094,149.8385009765625,151.54949951171875,151.67649841308594,59482000,2020-07-29,AMZN
154.60000610351562,150.25,150.6999969482422,152.593994140625,122566000,2020-07-30,AMZN
162.34100341796875,157.5500030517578,162.1999969482422,158.23399353027344,161710000,2020-07-31,AMZN
159.1999969482422,155.1999969482422,159.02549743652344,155.59449768066406,101494000,2020-08-03,AMZN
158.36199951171875,155.0605010986328,155.0605010986328,156.94149780273438,93886000,2020-08-04,AMZN
160.67950439453125,156.36500549316406,157.18850708007812,160.25149536132812,78330000,2020-08-05,AMZN
162.37350463867188,158.27149963378906,159.71800231933594,161.25,78812000,2020-08-06,AMZN
162.04049682617188,157.0334930419922,161.20050048828125,158.3730010986328,78722000,2020-08-07,AMZN
158.62550354003906,155.0760040283203,158.5155029296875,157.4080047607422,63346000,2020-08-10,AMZN
157.96099853515625,153.64999389648438,155.66000366210938,154.0334930419922,74362000,2020-08-11,AMZN
158.71949768066406,155.0709991455078,155.39999389648438,158.11199951171875,70442000,2020-08-12,AMZN
160.87600708007812,157.75,159.14950561523438,158.05099487304688,62980000,2020-08-13,AMZN
158.91200256347656,156.0,158.90899658203125,157.4010009765625,55034000,2020-08-14,AMZN
159.74850463867188,157.70899963378906,158.656005859375,159.12049865722656,53824000,2020-08-17,AMZN
166.0,160.29100036621094,160.60000610351562,165.62449645996094,106920000,2020-08-18,AMZN
165.7949981689453,162.8000030517578,165.15049743652344,163.0240020751953,83702000,2020-08-19,AMZN
165.63099670410156,161.89999389648438,162.60000610351562,164.86849975585938,66650000,2020-08-20,AMZN
165.72000122070312,163.76950073242188,164.75,164.23599243164062,71518000,2020-08-21,AMZN
169.01600646972656,162.8780059814453,165.50750732421875,165.3730010986328,93326000,2020-08-24,AMZN
167.8699951171875,163.35000610351562,164.74949645996094,167.32449340820312,79856000,2020-08-25,AMZN
172.58700561523438,167.22850036621094,167.5554962158203,172.09249877929688,130174000,2020-08-26,AMZN
172.64999389648438,168.89999389648438,172.50250244140625,170.0,85296000,2020-08-27,AMZN
171.6685028076172,169.3249969482422,171.14999389648438,170.08999633789062,57940000,2020-08-28,AMZN
174.75,170.25,170.44949340820312,172.54800415039062,83718000,2020-08-31,AMZN
175.69349670410156,173.35000610351562,174.47900390625,174.95599365234375,68644000,2020-09-01,AMZN
177.6125030517578,174.33450317382812,177.35000610351562,176.57249450683594,78630000,2020-09-02,AMZN
174.42050170898438,165.14999389648438,174.25,168.39999389648438,163222000,2020-09-03,AMZN
169.0749969482422,155.55650329589844,165.89999389648438,164.7310028076172,175636000,2020-09-04,AMZN
162.54249572753906,156.5,157.1999969482422,157.49200439453125,121884000,2020-09-08,AMZN
165.15899658203125,159.25,160.14950561523438,163.4304962158203,103774000,2020-09-09,AMZN
167.4945068359375,158.52749633789062,165.36099243164062,158.7554931640625,106614000,2020-09-10,AMZN
160.86700439453125,154.19900512695312,160.4344940185547,155.81100463867188,101880000,2020-09-11,AMZN
159.3695068359375,154.8000030517578,158.64700317382812,155.14849853515625,90592000,2020-09-14,AMZN
158.75100708007812,155.4459991455078,156.80799865722656,157.80650329589844,80430000,2020-09-15,AMZN
159.36199951171875,153.70750427246094,158.99949645996094,153.90499877929688,90244000,2020-09-16,AMZN
151.47149658203125,148.62750244140625,150.46249389648438,150.43649291992188,128982000,2020-09-17,AMZN
151.88999938964844,145.27699279785156,151.58700561523438,147.74549865722656,177852000,2020-09-18,AMZN
148.10000610351562,143.5500030517578,145.3249969482422,148.02349853515625,122358000,2020-09-21,AMZN
156.69949340820312,150.00999450683594,151.69200134277344,156.44949340820312,138976000,2020-09-22,AMZN
156.35000610351562,149.61900329589844,156.02149963378906,149.9929962158203,113054000,2020-09-23,AMZN
153.46499633789062,148.25,148.88949584960938,150.989501953125,110588000,2020-09-24,AMZN
155.07699584960938,149.9499969482422,152.7429962158203,154.75650024414062,92304000,2020-09-25,AMZN
158.7519989013672,155.85850524902344,157.4425048828125,158.70249938964844,84484000,2020-09-28,AMZN
159.41299438476562,156.6269989013672,158.76950073242188,157.24400329589844,69916000,2020-09-29,AMZN
160.6439971923828,156.69949340820312,157.0570068359375,157.43649291992188,97922000,2020-09-30,AMZN
161.1999969482422,158.60000610351562,160.39999389648438,161.06300354003906,99438000,2020-10-01,AMZN
159.7899932861328,156.14999389648438,157.68150329589844,156.25,112262000,2020-10-02,AMZN
160.12649536132812,157.04249572753906,157.29200744628906,159.9600067138672,75506000,2020-10-05,AMZN
159.10000610351562,154.5,158.25,154.9980010986328,101738000,2020-10-06,AMZN
160.0,156.6195068359375,156.75,159.7845001220703,86188000,2020-10-07,AMZN
161.6645050048828,158.74949645996094,161.24949645996094,159.52749633789062,63482000,2020-10-08,AMZN
164.44949340820312,159.89149475097656,160.5,164.33250427246094,98158000,2020-10-09,AMZN
174.81199645996094,166.9774932861328,167.4969940185547,172.14649963378906,167284000,2020-10-12,AMZN
174.61900329589844,171.21099853515625,173.39950561523438,172.18150329589844,114894000,2020-10-13,AMZN
173.24400329589844,167.0,172.35000610351562,168.1855010986328,116254000,2020-10-14,AMZN
167.79400634765625,164.0,164.60049438476562,166.9324951171875,104468000,2020-10-15,AMZN
169.98300170898438,158.0,168.1614990234375,163.635498046875,129488000,2020-10-16,AMZN
166.4499969482422,159.63699340820312,164.98049926757812,160.36050415039062,104472000,2020-10-19,AMZN
163.3000030517578,159.60049438476562,161.11399841308594,160.85049438476562,90194000,2020-10-20,AMZN
161.69400024414062,158.0,160.625,159.2469940185547,91854000,2020-10-21,AMZN
159.9375,156.0970001220703,159.49349975585938,158.82000732421875,84240000,2020-10-22,AMZN
160.26649475097656,157.0,159.5500030517578,160.22000122070312,69334000,2020-10-23,AMZN
164.1490020751953,157.6649932861328,159.93699645996094,160.3520050048828,118024000,2020-10-26,AMZN
164.58299255371094,160.56500244140625,161.2469940185547,164.31649780273438,85820000,2020-10-27,AMZN
163.2010040283203,158.12350463867188,162.46499633789062,158.13900756835938,111766000,2020-10-28,AMZN
162.8625030517578,158.1999969482422,160.06350708007812,160.55050659179688,131930000,2020-10-29,AMZN
158.35000610351562,150.9499969482422,157.8874969482422,151.8074951171875,167728000,2020-10-30,AMZN
153.98550415039062,147.50599670410156,153.08700561523438,150.2239990234375,145148000,2020-11-02,AMZN
153.7449951171875,149.0489959716797,150.92649841308594,152.42050170898438,97958000,2020-11-03,AMZN
162.24249267578125,156.9864959716797,157.99949645996094,162.05799865722656,136780000,2020-11-04,AMZN
168.33999633789062,164.44400024414062,165.99850463867188,166.10000610351562,115786000,2020-11-05,AMZN
166.10000610351562,161.60000610351562,165.23199462890625,165.56849670410156,92946000,2020-11-06,AMZN
164.4499969482422,155.60549926757812,161.55149841308594,157.18699645996094,143808000,2020-11-09,AMZN
155.6999969482422,150.9739990234375,154.75100708007812,151.75100708007812,131820000,2020-11-10,AMZN
156.95750427246094,152.5,153.08900451660156,156.8695068359375,87338000,2020-11-11,AMZN
158.79400634765625,154.30250549316406,157.99749755859375,155.51400756835938,87240000,2020-11-12,AMZN
157.08599853515625,154.26950073242188,156.10000610351562,156.4405059814453,75124000,2020-11-13,AMZN
157.13499450683594,153.63450622558594,154.66000366210938,156.55299377441406,76174000,2020-11-16,AMZN
159.46249389648438,156.76300048828125,159.177001953125,156.7830047607422,68894000,2020-11-17,AMZN
157.0,155.2550048828125,156.6999969482422,155.2729949951172,58336000,2020-11-18,AMZN
156.25,154.04600524902344,155.2655029296875,155.8509979248047,60206000,2020-11-19,AMZN
156.64450073242188,154.90249633789062,155.8509979248047,154.97000122070312,67488000,2020-11-20,AMZN
156.9875030517578,153.2729949951172,155.8350067138672,154.91949462890625,94178000,2020-11-23,AMZN
156.71249389648438,154.31300354003906,155.02499389648438,155.9029998779297,72042000,2020-11-24,AMZN
159.89999389648438,157.01300048828125,157.093505859375,159.2534942626953,75808000,2020-11-25,AMZN
160.8094940185547,159.50250244140625,160.56300354003906,159.76699829101562,47858000,2020-11-27,AMZN
161.41949462890625,156.27749633789062,160.4239959716797,158.40199279785156,81278000,2020-11-30,AMZN
162.44749450683594,157.85899353027344,159.4250030517578,161.00399780273438,90740000,2020-12-01,AMZN
161.60000610351562,158.66299438476562,161.08250427246094,160.17649841308594,62586000,2020-12-02,AMZN
161.4320068359375,159.0655059814453,160.2729949951172,159.3365020751953,57840000,2020-12-03,AMZN
159.91050720214844,157.93800354003906,159.91050720214844,158.12899780273438,58272000,2020-12-04,AMZN
159.03799438476562,157.08450317382812,157.82400512695312,157.89999389648438,55026000,2020-12-07,AMZN
159.2064971923828,156.00100708007812,157.94500732421875,158.864501953125,65726000,2020-12-08,AMZN
158.72149658203125,154.39999389648438,158.39450073242188,155.2100067138672,82016000,2020-12-09,AMZN
157.10499572753906,153.8000030517578,154.44949340820312,155.07449340820312,60604000,2020-12-10,AMZN
155.93350219726562,153.64100646972656,154.83299255371094,155.8209991455078,61294000,2020-12-11,AMZN
159.52349853515625,156.3000030517578,157.14999389648438,157.84849548339844,83116000,2020-12-14,AMZN
159.4250030517578,156.52450561523438,159.05050659179688,158.25599670410156,66390000,2020-12-15,AMZN
162.35000610351562,158.1840057373047,158.80050659179688,162.04800415039062,88552000,2020-12-16,AMZN
163.17550659179688,161.0500030517578,162.5,161.8040008544922,69486000,2020-12-17,AMZN
162.4709930419922,158.5800018310547,162.19949340820312,160.08250427246094,119914000,2020-12-18,AMZN
161.34849548339844,158.3000030517578,160.00050354003906,160.3090057373047,76736000,2020-12-21,AMZN
161.10000610351562,159.00399780273438,160.14199829101562,160.3260040283203,47388000,2020-12-22,AMZN
160.50650024414062,159.20849609375,160.25,159.2635040283203,41876000,2020-12-23,AMZN
160.10000610351562,158.4499969482422,159.69500732421875,158.63450622558594,29038000,2020-12-24,AMZN
165.1999969482422,158.63450622558594,159.6999969482422,164.197998046875,113736000,2020-12-28,AMZN
167.53250122070312,164.06100463867188,165.4969940185547,166.10000610351562,97458000,2020-12-29,AMZN
167.10499572753906,164.12350463867188,167.0500030517578,164.29249572753906,64186000,2020-12-30,AMZN
164.14599609375,162.05999755859375,163.75,162.84649658203125,59144000,2020-12-31,AMZN
163.60000610351562,157.2010040283203,163.5,159.3314971923828,88228000,2021-01-04,AMZN
161.16900634765625,158.2530059814453,158.30050659179688,160.92550659179688,53110000,2021-01-05,AMZN
159.87550354003906,156.55799865722656,157.32400512695312,156.91900634765625,87896000,2021-01-06,AMZN
160.427001953125,157.75,157.85000610351562,158.10800170898438,70290000,2021-01-07,AMZN
159.53199768066406,157.11000061035156,159.0,159.13499450683594,70754000,2021-01-08,AMZN
157.81900024414062,155.5,157.40049743652344,155.7104949951172,73668000,2021-01-11,AMZN
157.10699462890625,154.3000030517578,156.0,156.04150390625,70292000,2021-01-12,AMZN
159.49749755859375,156.10400390625,156.4219970703125,158.29449462890625,66424000,2021-01-13,AMZN
158.89999389648438,156.0294952392578,158.37600708007812,156.37350463867188,61418000,2021-01-14,AMZN
157.12750244140625,154.7584991455078,156.1510009765625,155.21249389648438,84880000,2021-01-15,AMZN
157.25,154.8000030517578,155.35000610351562,156.03799438476562,66102000,2021-01-19,AMZN
163.99000549316406,158.75,159.09950256347656,163.16900634765625,106196000,2021-01-20,AMZN
167.42750549316406,164.47850036621094,164.64999389648438,165.34950256347656,98722000,2021-01-21,AMZN
166.0955047607422,164.1580047607422,165.2154998779297,164.6114959716797,56438000,2021-01-22,AMZN
168.1945037841797,162.15750122070312,166.4250030517578,164.6999969482422,74996000,2021-01-25,AMZN
166.89999389648438,164.14349365234375,164.8179931640625,166.30650329589844,59104000,2021-01-26,AMZN
167.3260040283203,160.35400390625,167.07449340820312,161.62899780273438,93204000,2021-01-27,AMZN
165.08399963378906,161.4344940185547,161.7519989013672,161.88099670410156,62984000,2021-01-28,AMZN
161.84950256347656,159.2274932861328,161.5,160.30999755859375,85872000,2021-01-29,AMZN
167.51300048828125,161.75149536132812,162.1179962158203,167.1439971923828,83204000,2021-02-01,AMZN
171.38699340820312,168.05650329589844,169.0,169.0,141972000,2021-02-02,AMZN
171.6999969482422,165.43099975585938,171.25050354003906,165.62649536132812,141776000,2021-02-03,AMZN
167.35000610351562,163.8874969482422,166.5,166.5500030517578,73414000,2021-02-04,AMZN
168.85000610351562,165.135498046875,165.9499969482422,167.6074981689453,72416000,2021-02-05,AMZN
168.25,165.1999969482422,167.9250030517578,166.14700317382812,65148000,2021-02-08,AMZN
166.89999389648438,164.89199829101562,165.62449645996094,165.25,44070000,2021-02-09,AMZN
165.8975067138672,162.6999969482422,165.6999969482422,164.32899475097656,63032000,2021-02-10,AMZN
164.60000610351562,162.4029998779297,164.60000610351562,163.10650634765625,46028000,2021-02-11,AMZN
164.0124969482422,161.66549682617188,162.5,163.885498046875,46706000,2021-02-12,AMZN
165.4149932861328,162.67950439453125,162.70249938964844,163.44749450683594,51494000,2021-02-16,AMZN
166.04550170898438,162.97500610351562,163.17999267578125,165.4320068359375,65950000,2021-02-17,AMZN
166.89999389648438,163.69700622558594,164.12100219726562,166.4114990234375,60548000,2021-02-18,AMZN
166.6750030517578,162.28750610351562,166.4114990234375,162.4949951171875,86104000,2021-02-19,AMZN
161.61599731445312,158.61300659179688,160.406494140625,159.03700256347656,70314000,2021-02-22,AMZN
160.2364959716797,154.67999267578125,156.35150146484375,159.72500610351562,93544000,2021-02-23,AMZN
158.56149291992188,156.2689971923828,158.33749389648438,157.97650146484375,60226000,2021-02-24,AMZN
158.91299438476562,152.38800048828125,156.83700561523438,152.85800170898438,90676000,2021-02-25,AMZN
156.1219940185547,151.8350067138672,154.75999450683594,154.64649963378906,85518000,2021-02-26,AMZN
157.47799682617188,154.89950561523438,156.39450073242188,157.3070068359375,54582000,2021-03-01,AMZN
158.17599487304688,154.3560028076172,157.17349243164062,154.72650146484375,51916000,2021-03-02,AMZN
155.38900756835938,149.75,154.0590057373047,150.25,79774000,2021-03-03,AMZN
152.906494140625,147.27149963378906,150.60000610351562,148.8784942626953,109632000,2021-03-04,AMZN
150.4499969482422,144.0500030517578,150.25,150.0229949951172,107772000,2021-03-05,AMZN
153.22950744628906,147.5655059814453,150.75,147.59750366210938,83700000,2021-03-08,AMZN
154.54800415039062,150.25750732421875,150.89950561523438,153.1425018310547,80600000,2021-03-09,AMZN
155.822998046875,151.50250244140625,154.92250061035156,152.8820037841797,60250000,2021-03-10,AMZN
156.58900451660156,154.14649963378906,155.20050048828125,155.67950439453125,55528000,2021-03-11,AMZN
154.94900512695312,152.27499389648438,153.75,154.47450256347656,48438000,2021-03-12,AMZN
154.11199951171875,151.60450744628906,153.72850036621094,154.08399963378906,58272000,2021-03-15,AMZN
156.44549560546875,153.79299926757812,155.24850463867188,154.59300231933594,50776000,2021-03-16,AMZN
158.65249633789062,153.51100158691406,153.66099548339844,156.7864990234375,62372000,2021-03-17,AMZN
155.8314971923828,151.25,155.0500030517578,151.39950561523438,72992000,2021-03-18,AMZN
153.864501953125,150.8314971923828,151.4615020751953,153.7480010986328,92508000,2021-03-19,AMZN
156.32899475097656,153.00250244140625,153.3925018310547,155.5435028076172,58044000,2021-03-22,AMZN
159.10000610351562,156.04249572753906,156.35000610351562,156.875,76346000,2021-03-23,AMZN
158.0155029296875,154.25750732421875,157.552001953125,154.35350036621094,59180000,2021-03-24,AMZN
155.48899841308594,151.85699462890625,153.64950561523438,152.31300354003906,71270000,2021-03-25,AMZN
152.83299255371094,149.8000030517578,152.2030029296875,152.60150146484375,66258000,2021-03-26,AMZN
154.5625,151.42250061035156,152.77200317382812,153.7864990234375,54920000,2021-03-29,AMZN
153.64999389648438,151.6999969482422,153.50050354003906,152.76449584960938,46752000,2021-03-30,AMZN
155.9665069580078,153.125,153.2030029296875,154.70399475097656,61878000,2021-03-31,AMZN
158.1219940185547,155.77749633789062,155.89700317382812,158.0500030517578,58806000,2021-04-01,AMZN
161.79800415039062,158.06199645996094,158.64999389648438,161.3365020751953,66698000,2021-04-05,AMZN
162.36549377441406,160.8520050048828,161.1875,161.1909942626953,50756000,2021-04-06,AMZN
165.1804962158203,161.1824951171875,161.69000244140625,163.96949768066406,66924000,2021-04-07,AMZN
166.22500610351562,164.60000610351562,165.5449981689453,164.96499633789062,56242000,2021-04-08,AMZN
168.61000061035156,164.44500732421875,165.23500061035156,168.61000061035156,86830000,2021-04-09,AMZN
169.7519989013672,167.5574951171875,167.760498046875,168.96949768066406,65636000,2021-04-12,AMZN
171.60000610351562,169.781494140625,170.04249572753906,170.0,66316000,2021-04-13,AMZN
170.2064971923828,166.3000030517578,170.20199584960938,166.64999389648438,62904000,2021-04-14,AMZN
169.85000610351562,167.60000610351562,168.5500030517578,168.95449829101562,64672000,2021-04-15,AMZN
170.33999633789062,167.7794952392578,169.0,169.9720001220703,63720000,2021-04-16,AMZN
171.79649353027344,168.00799560546875,169.51649475097656,168.60049438476562,54508000,2021-04-19,AMZN
169.14950561523438,165.8000030517578,168.67999267578125,166.7344970703125,52460000,2021-04-20,AMZN
168.14300537109375,165.1905059814453,165.8000030517578,168.1009979248047,44224000,2021-04-21,AMZN
168.64349365234375,165.07249450683594,168.58399963378906,165.45199584960938,51612000,2021-04-22,AMZN
168.75,165.4250030517578,165.9550018310547,167.04400634765625,63856000,2021-04-23,AMZN
171.42250061035156,166.5469970703125,167.39999389648438,170.4499969482422,97614000,2021-04-26,AMZN
173.0,169.90049743652344,172.17349243164062,170.8715057373047,76542000,2021-04-27,AMZN
174.49400329589844,171.25,171.74000549316406,172.9250030517578,92638000,2021-04-28,AMZN
175.72250366210938,171.75,175.2550048828125,173.5655059814453,153648000,2021-04-29,AMZN
177.6999969482422,173.125,176.25599670410156,173.37100219726562,140186000,2021-04-30,AMZN
174.33250427246094,168.63499450683594,174.2364959716797,169.32449340820312,117510000,2021-05-03,AMZN
168.3990020751953,163.60650634765625,167.8094940185547,165.593505859375,108788000,2021-05-04,AMZN
167.73500061035156,163.21800231933594,166.9429931640625,163.52699279785156,74226000,2021-05-05,AMZN
165.72000122070312,162.36000061035156,163.5,165.31849670410156,88954000,2021-05-06,AMZN
166.54449462890625,164.45350646972656,165.95449829101562,164.58050537109375,94206000,2021-05-07,AMZN
164.14999389648438,159.5,164.11599731445312,159.52450561523438,116772000,2021-05-10,AMZN
161.89999389648438,156.36849975585938,156.81399536132812,161.19549560546875,92396000,2021-05-11,AMZN
160.39700317382812,156.65499877929688,159.25,157.5970001220703,98728000,2021-05-12,AMZN
160.19200134277344,156.64999389648438,159.27349853515625,158.07350158691406,67018000,2021-05-13,AMZN
161.4429931640625,159.14999389648438,159.2779998779297,161.14500427246094,66500000,2021-05-14,AMZN
164.6374969482422,161.72950744628906,162.29649353027344,163.51950073242188,74478000,2021-05-17,AMZN
165.60000610351562,161.51849365234375,164.62899780273438,161.61399841308594,56568000,2021-05-18,AMZN
161.7375030517578,159.1999969482422,159.75,161.58999633789062,53594000,2021-05-19,AMZN
162.98399353027344,161.8090057373047,162.22000122070312,162.38400268554688,52664000,2021-05-20,AMZN
162.83450317382812,159.85049438476562,162.5,160.1540069580078,82098000,2021-05-21,AMZN
162.8975067138672,160.52499389648438,160.77499389648438,162.24949645996094,48456000,2021-05-24,AMZN
163.99099731445312,160.68800354003906,163.33349609375,162.95249938964844,65222000,2021-05-25,AMZN
164.7864990234375,162.92550659179688,163.72950744628906,163.25799560546875,47680000,2021-05-26,AMZN
163.01800537109375,161.5019989013672,162.8000030517578,161.5054931640625,51224000,2021-05-27,AMZN
162.39950561523438,160.98500061035156,162.10000610351562,161.15350341796875,46596000,2021-05-28,AMZN
162.5489959716797,160.4530029296875,162.1750030517578,160.9324951171875,48600000,2021-06-01,AMZN
161.75,160.39999389648438,161.15499877929688,161.69949340820312,40290000,2021-06-02,AMZN
160.7220001220703,159.20150756835938,160.2115020751953,159.35049438476562,47966000,2021-06-03,AMZN
161.0500030517578,159.9405059814453,160.60000610351562,160.31100463867188,44994000,2021-06-04,AMZN
160.39999389648438,158.61000061035156,159.8665008544922,159.90049743652344,44316000,2021-06-07,AMZN
163.97650146484375,160.90049743652344,161.1304931640625,163.20550537109375,68334000,2021-06-08,AMZN
164.87899780273438,163.53500366210938,163.64349365234375,164.0574951171875,49110000,2021-06-09,AMZN
167.5500030517578,164.0574951171875,164.10049438476562,167.4824981689453,69530000,2021-06-10,AMZN
168.32899475097656,166.67250061035156,167.4824981689453,167.3415069580078,56348000,2021-06-11,AMZN
169.25,166.77499389648438,167.3415069580078,169.19349670410156,51394000,2021-06-14,AMZN
169.84950256347656,168.15550231933594,169.1999969482422,169.156494140625,48524000,2021-06-15,AMZN
171.3175048828125,168.02650451660156,169.60000610351562,170.7624969482422,84056000,2021-06-16,AMZN
174.86000061035156,170.0500030517578,170.15899658203125,174.46200561523438,102730000,2021-06-17,AMZN
175.35000610351562,173.6855010986328,173.99949645996094,174.34500122070312,104954000,2021-06-18,AMZN
174.10000610351562,171.6999969482422,173.8209991455078,172.697998046875,65542000,2021-06-21,AMZN
176.18899536132812,172.80450439453125,172.9029998779297,175.27200317382812,66902000,2021-06-22,AMZN
176.0500030517578,174.16000366210938,175.25,175.1909942626953,56266000,2021-06-23,AMZN
176.2429962158203,171.54249572753906,175.3820037841797,172.45399475097656,76640000,2021-06-24,AMZN
173.24099731445312,169.70899963378906,173.1999969482422,170.072998046875,78820000,2021-06-25,AMZN
172.39999389648438,170.67550659179688,170.8000030517578,172.1945037841797,44856000,2021-06-28,AMZN
172.80149841308594,171.15150451660156,171.9409942626953,172.40699768066406,41968000,2021-06-29,AMZN
173.5800018310547,171.75,172.05299377441406,172.00799560546875,48080000,2021-06-30,AMZN
172.85000610351562,170.4709930419922,171.73049926757812,171.64849853515625,40742000,2021-07-01,AMZN
175.58599853515625,171.8459930419922,172.58200073242188,175.5489959716797,63388000,2021-07-02,AMZN
184.2740020751953,176.4499969482422,176.5054931640625,183.78700256347656,134896000,2021-07-06,AMZN
186.7100067138672,183.94549560546875,185.86900329589844,184.82899475097656,106562000,2021-07-07,AMZN
187.99949645996094,181.05599975585938,182.17799377441406,186.57049560546875,103612000,2021-07-08,AMZN
187.39999389648438,184.6699981689453,186.12600708007812,185.9669952392578,74964000,2021-07-09,AMZN
187.864501953125,184.83949279785156,187.1999969482422,185.92750549316406,51432000,2021-07-12,AMZN
188.6540069580078,183.5659942626953,185.10499572753906,183.8679962158203,76918000,2021-07-13,AMZN
185.88299560546875,183.04150390625,185.4425048828125,184.08399963378906,65932000,2021-07-14,AMZN
184.77000427246094,181.04600524902344,184.7100067138672,181.55999755859375,63706000,2021-07-15,AMZN
182.30299377441406,178.5229949951172,181.66549682617188,178.68150329589844,80874000,2021-07-16,AMZN
177.510498046875,174.95799255371094,176.62899780273438,177.47950744628906,75692000,2021-07-19,AMZN
179.60000610351562,175.89999389648438,178.36599731445312,178.6595001220703,65114000,2021-07-20,AMZN
179.32249450683594,177.1820068359375,178.81900024414062,179.25999450683594,46380000,2021-07-21,AMZN
182.00100708007812,179.11349487304688,179.3614959716797,181.90150451660156,65308000,2021-07-22,AMZN
183.3054962158203,181.1020050048828,182.0,182.83200073242188,48726000,2021-07-23,AMZN
185.60400390625,182.3625030517578,183.6584930419922,184.99099731445312,58002000,2021-07-26,AMZN
184.9250030517578,179.3074951171875,184.9250030517578,181.3195037841797,82638000,2021-07-27,AMZN
182.92100524902344,180.0500030517578,181.68899536132812,181.51600646972656,59988000,2021-07-28,AMZN
181.8975067138672,179.00050354003906,181.3874969482422,179.99600219726562,110400000,2021-07-29,AMZN
168.40699768066406,165.3489990234375,167.3975067138672,166.37950134277344,199312000,2021-07-30,AMZN
167.9459991455078,165.85000610351562,167.65499877929688,166.57400512695312,67078000,2021-08-02,AMZN
169.5500030517578,164.98849487304688,167.03599548339844,168.31199645996094,83146000,2021-08-03,AMZN
169.44400024414062,167.2779998779297,168.96749877929688,167.73599243164062,43678000,2021-08-04,AMZN
169.4499969482422,167.04600524902344,167.81100463867188,168.79949951171875,48670000,2021-08-05,AMZN
168.75,166.45199584960938,168.75,167.2469940185547,52752000,2021-08-06,AMZN
167.74400329589844,166.42599487304688,167.1804962158203,167.093505859375,42964000,2021-08-09,AMZN
167.89999389648438,165.75,167.25050354003906,166.03399658203125,48252000,2021-08-10,AMZN
166.88499450683594,163.88949584960938,166.57249450683594,164.60549926757812,58944000,2021-08-11,AMZN
165.72549438476562,163.48350524902344,164.5,165.1750030517578,46282000,2021-08-12,AMZN
165.30349731445312,164.14999389648438,165.2834930419922,164.69850158691406,41134000,2021-08-13,AMZN
165.0,160.55650329589844,164.14999389648438,164.94949340820312,66394000,2021-08-16,AMZN
164.02450561523438,161.28399658203125,163.875,162.09800720214844,67758000,2021-08-17,AMZN
162.7050018310547,160.0,162.09950256347656,160.06100463867188,56086000,2021-08-18,AMZN
161.64999389648438,159.1230010986328,159.7010040283203,159.3874969482422,75658000,2021-08-19,AMZN
160.3905029296875,158.78799438476562,160.19349670410156,159.99749755859375,67168000,2021-08-20,AMZN
164.0449981689453,160.50050354003906,160.59500122070312,163.2935028076172,65362000,2021-08-23,AMZN
165.77450561523438,163.72900390625,164.0,165.28900146484375,51036000,2021-08-24,AMZN
166.0500030517578,164.3074951171875,165.49349975585938,164.95899963378906,33606000,2021-08-25,AMZN
166.60000610351562,164.8000030517578,164.9499969482422,165.8000030517578,41976000,2021-08-26,AMZN
167.61599731445312,165.6875,166.6614990234375,167.48150634765625,48048000,2021-08-27,AMZN
172.25,167.76100158691406,167.8715057373047,171.07850646972656,63844000,2021-08-30,AMZN
173.62899780273438,169.7794952392578,171.24000549316406,173.5395050048828,87128000,2021-08-31,AMZN
176.35000610351562,173.76199340820312,174.82000732421875,173.9499969482422,72598000,2021-09-01,AMZN
175.59800720214844,172.75,174.73800659179688,173.156005859375,58474000,2021-09-02,AMZN
174.1334991455078,171.82200622558594,172.60000610351562,173.90249633789062,51514000,2021-09-03,AMZN
176.4044952392578,173.8470001220703,173.89999389648438,175.46449279785156,54758000,2021-09-07,AMZN
177.281494140625,174.7834930419922,175.58250427246094,176.27499389648438,61068000,2021-09-08,AMZN
177.49949645996094,174.01849365234375,176.30099487304688,174.20799255371094,54384000,2021-09-09,AMZN
175.42250061035156,173.14549255371094,175.0915069580078,173.45750427246094,47946000,2021-09-10,AMZN
174.8979949951172,171.89999389648438,174.13999938964844,172.85850524902344,51380000,2021-09-13,AMZN
174.3404998779297,171.885498046875,173.77749633789062,172.5,38738000,2021-09-14,AMZN
174.27099609375,170.10049438476562,172.12600708007812,173.7895050048828,59150000,2021-09-15,AMZN
174.62750244140625,172.3070068359375,172.9980010986328,174.41200256347656,51672000,2021-09-16,AMZN
174.87049865722656,172.60650634765625,174.42050170898438,173.12600708007812,92332000,2021-09-17,AMZN
170.9499969482422,165.25050354003906,169.8000030517578,167.7864990234375,93382000,2021-09-20,AMZN
168.98500061035156,166.6195068359375,168.75,167.18150329589844,55618000,2021-09-21,AMZN
169.4499969482422,167.05250549316406,167.5500030517578,169.00250244140625,48228000,2021-09-22,AMZN
171.447998046875,169.00250244140625,169.00250244140625,170.8000030517578,47588000,2021-09-23,AMZN
171.46299743652344,169.6699981689453,170.10049438476562,171.2760009765625,42324000,2021-09-24,AMZN
170.77850341796875,166.98049926757812,168.5749969482422,170.2899932861328,72690000,2021-09-27,AMZN
168.45950317382812,164.5050048828125,167.885498046875,165.79800415039062,88616000,2021-09-28,AMZN
167.56500244140625,164.89349365234375,166.10549926757812,165.05599975585938,51246000,2021-09-29,AMZN
166.3925018310547,163.69949340820312,165.8000030517578,164.2519989013672,56848000,2021-09-30,AMZN
165.45849609375,162.7969970703125,164.45050048828125,164.16299438476562,56712000,2021-10-01,AMZN
163.99949645996094,158.8125,163.96949768066406,159.48899841308594,90462000,2021-10-04,AMZN
163.0364990234375,160.1230010986328,160.22500610351562,161.0500030517578,65384000,2021-10-05,AMZN
163.2169952392578,159.93099975585938,160.67649841308594,163.10049438476562,50660000,2021-10-06,AMZN
166.28750610351562,164.1529998779297,164.57699584960938,165.1215057373047,48182000,2021-10-07,AMZN
166.07150268554688,164.41000366210938,165.85000610351562,164.43099975585938,39964000,2021-10-08,AMZN
164.62950134277344,161.90499877929688,163.75,162.31500244140625,40684000,2021-10-11,AMZN
163.37649536132812,161.81399536132812,162.85000610351562,162.3665008544922,36392000,2021-10-12,AMZN
164.41900634765625,163.05450439453125,163.48550415039062,164.21400451660156,48402000,2021-10-13,AMZN
165.6300048828125,164.53900146484375,165.12249755859375,164.9929962158203,42190000,2021-10-14,AMZN
170.52099609375,165.1999969482422,165.5709991455078,170.4510040283203,103598000,2021-10-15,AMZN
172.45849609375,169.2550048828125,169.41799926757812,172.33700561523438,63482000,2021-10-18,AMZN
172.7344970703125,171.10000610351562,171.71449279785156,172.20750427246094,47722000,2021-10-19,AMZN
173.14300537109375,170.01849365234375,172.63299560546875,170.7530059814453,42796000,2021-10-20,AMZN
172.01400756835938,170.14999389648438,170.71249389648438,171.75050354003906,37628000,2021-10-21,AMZN
171.49200439453125,166.56500244140625,171.0500030517578,166.77749633789062,62782000,2021-10-22,AMZN
167.38999938964844,164.88499450683594,166.75,166.01849365234375,44520000,2021-10-25,AMZN
170.80599975585938,167.19900512695312,167.47549438476562,168.80349731445312,53966000,2021-10-26,AMZN
171.85000610351562,168.57249450683594,169.39999389648438,169.62449645996094,54044000,2021-10-27,AMZN
173.9499969482422,169.3000030517578,170.10499572753906,172.32850646972656,114174000,2021-10-28,AMZN
168.74099731445312,163.66600036621094,165.00100708007812,168.6215057373047,129722000,2021-10-29,AMZN
168.79299926757812,164.6009979248047,168.08999633789062,165.90550231933594,72178000,2021-11-01,AMZN
166.55599975585938,164.17750549316406,165.75050354003906,165.6374969482422,52552000,2021-11-02,AMZN
169.74600219726562,164.87600708007812,165.4499969482422,169.1999969482422,67944000,2021-11-03,AMZN
174.93150329589844,168.25,168.5,173.85000610351562,107060000,2021-11-04,AMZN
178.3125,173.8489990234375,173.85000610351562,175.94949340820312,99940000,2021-11-05,AMZN
178.9499969482422,174.39300537109375,176.16200256347656,174.44900512695312,61480000,2021-11-08,AMZN
179.68850708007812,175.07150268554688,175.7624969482422,178.81149291992188,85898000,2021-11-09,AMZN
180.2725067138672,173.1544952392578,178.19349670410156,174.1024932861328,80548000,2021-11-10,AMZN
177.16200256347656,173.37350463867188,175.64999389648438,173.625,45288000,2021-11-11,AMZN
177.0364990234375,172.3524932861328,174.25,176.25750732421875,53788000,2021-11-12,AMZN
179.69400024414062,176.29049682617188,176.85000610351562,177.28399658203125,58594000,2021-11-15,AMZN
178.8249969482422,176.25750732421875,176.9499969482422,177.03500366210938,44342000,2021-11-16,AMZN
179.3625030517578,177.2675018310547,178.23599243164062,177.4499969482422,51206000,2021-11-17,AMZN
185.2100067138672,178.0500030517578,178.3175048828125,184.80299377441406,114070000,2021-11-18,AMZN
188.1074981689453,183.78599548339844,185.63450622558594,183.82850646972656,98734000,2021-11-19,AMZN
185.67300415039062,178.375,183.81900024414062,178.6284942626953,96844000,2021-11-22,AMZN
181.05250549316406,176.385498046875,179.2519989013672,179.0019989013672,73804000,2021-11-23,AMZN
180.6820068359375,176.84249877929688,178.1334991455078,179.02049255371094,46560000,2021-11-24,AMZN
181.6750030517578,175.20750427246094,180.10499572753906,175.22799682617188,59826000,2021-11-26,AMZN
179.8000030517578,176.5749969482422,177.3820037841797,178.07850646972656,65312000,2021-11-29,AMZN
179.2884979248047,174.60049438476562,178.1750030517578,175.35350036621094,80022000,2021-11-30,AMZN
177.99400329589844,172.0800018310547,177.25,172.18600463867188,74916000,2021-12-01,AMZN
174.63499450683594,171.1875,173.0,171.8679962158203,64726000,2021-12-02,AMZN
173.49349975585938,166.92999267578125,172.75,169.489501953125,80712000,2021-12-03,AMZN
173.69549560546875,166.9344940185547,169.64999389648438,171.36849975585938,68860000,2021-12-06,AMZN
177.49949645996094,173.33450317382812,174.60000610351562,176.1645050048828,66410000,2021-12-07,AMZN
177.17999267578125,174.75050354003906,176.15049743652344,176.1580047607422,45254000,2021-12-08,AMZN
176.96949768066406,174.13949584960938,175.75,174.17100524902344,46062000,2021-12-09,AMZN
175.927001953125,170.5,175.41700744628906,172.21200561523438,60690000,2021-12-10,AMZN
172.10000610351562,169.1300048828125,172.0,169.5675048828125,62170000,2021-12-13,AMZN
169.49899291992188,166.44000244140625,167.5500030517578,169.0915069580078,55976000,2021-12-14,AMZN
173.60000610351562,165.19500732421875,168.59800720214844,173.31500244140625,75794000,2021-12-15,AMZN
174.16600036621094,168.16050720214844,173.36849975585938,168.87100219726562,60876000,2021-12-16,AMZN
170.89849853515625,165.61349487304688,167.7104949951172,170.0175018310547,85542000,2021-12-17,AMZN
167.87449645996094,165.60000610351562,166.85000610351562,167.07899475097656,57372000,2021-12-20,AMZN
170.7165069580078,165.6475067138672,167.85049438476562,170.41700744628906,55956000,2021-12-21,AMZN
172.0500030517578,168.50050354003906,169.27000427246094,171.03700256347656,55036000,2021-12-22,AMZN
171.97500610351562,170.14999389648438,170.42799377441406,171.06849670410156,36788000,2021-12-23,AMZN
172.9429931640625,169.2154998779297,171.03700256347656,169.66949462890625,58688000,2021-12-27,AMZN
172.17599487304688,169.135498046875,170.1824951171875,170.66099548339844,54638000,2021-12-28,AMZN
171.21200561523438,168.60049438476562,170.83999633789062,169.2010040283203,35754000,2021-12-29,AMZN
170.88800048828125,168.5240020751953,169.6999969482422,168.64450073242188,37584000,2021-12-30,AMZN
169.35000610351562,166.55850219726562,168.95599365234375,166.7169952392578,47830000,2021-12-31,AMZN
170.70350646972656,166.16050720214844,167.5500030517578,170.4044952392578,63520000,2022-01-03,AMZN
171.39999389648438,166.34950256347656,170.43800354003906,167.52200317382812,70726000,2022-01-04,AMZN
167.12649536132812,164.35699462890625,166.88299560546875,164.35699462890625,64302000,2022-01-05,AMZN
164.8000030517578,161.93699645996094,163.45050048828125,163.25399780273438,51958000,2022-01-06,AMZN
165.24349975585938,162.031005859375,163.83900451660156,162.5540008544922,46606000,2022-01-07,AMZN
161.6614990234375,156.30450439453125,160.5854949951172,161.48599243164062,87798000,2022-01-10,AMZN
166.35000610351562,160.70150756835938,161.5,165.36199951171875,62806000,2022-01-11,AMZN
166.8780059814453,164.41700744628906,166.5749969482422,165.20700073242188,50030000,2022-01-12,AMZN
166.22149658203125,161.09100341796875,165.25050354003906,161.21400451660156,52188000,2022-01-13,AMZN
162.25,159.80050659179688,160.14999389648438,162.13800048828125,45974000,2022-01-14,AMZN
159.7344970703125,157.6645050048828,159.10499572753906,158.91749572753906,67292000,2022-01-18,AMZN
159.25,156.25,158.76199340820312,156.2989959716797,53242000,2022-01-19,AMZN
158.0,151.3509979248047,156.76600646972656,151.66749572753906,71974000,2022-01-20,AMZN
150.89999389648438,142.07049560546875,149.9499969482422,142.64300537109375,163972000,2022-01-21,AMZN
144.94500732421875,135.3520050048828,139.0,144.54400634765625,155624000,2022-01-24,AMZN
143.60000610351562,138.14500427246094,142.24249267578125,139.98599243164062,90824000,2022-01-25,AMZN
145.18499755859375,137.31849670410156,144.75,138.87249755859375,95602000,2022-01-26,AMZN
144.24349975585938,139.35000610351562,140.8000030517578,139.6374969482422,77516000,2022-01-27,AMZN
143.9980010986328,137.92950439453125,140.86050415039062,143.97799682617188,74392000,2022-01-28,AMZN
150.36050415039062,144.30050659179688,144.75,149.57350158691406,78308000,2022-01-31,AMZN
151.70799255371094,147.62750244140625,150.0,151.19349670410156,59220000,2022-02-01,AMZN
155.0749969482422,148.86349487304688,155.05050659179688,150.6125030517578,87330000,2022-02-02,AMZN
144.24749755859375,138.33299255371094,141.7375030517578,138.8455047607422,225532000,2022-02-03,AMZN
161.1999969482422,150.60800170898438,155.60650634765625,157.63949584960938,253456000,2022-02-04,AMZN
162.6909942626953,157.25,158.52000427246094,157.9355010986328,102624000,2022-02-07,AMZN
161.79249572753906,155.55050659179688,156.75050354003906,161.4134979248047,76040000,2022-02-08,AMZN
163.83450317382812,160.25,162.87350463867188,161.1894989013672,68786000,2022-02-09,AMZN
160.7165069580078,157.75,158.35000610351562,159.0034942626953,68268000,2022-02-10,AMZN
159.0,152.73399353027344,158.13450622558594,153.2935028076172,77100000,2022-02-11,AMZN
158.44850158691406,151.64999389648438,151.75100708007812,155.16700744628906,83230000,2022-02-14,AMZN
158.0070037841797,154.6374969482422,157.60549926757812,156.510498046875,56440000,2022-02-15,AMZN
158.83399963378906,154.7344970703125,155.79049682617188,158.10049438476562,52704000,2022-02-16,AMZN
160.3489990234375,154.5,158.14599609375,154.65249633789062,64032000,2022-02-17,AMZN
155.49949645996094,150.89300537109375,155.49949645996094,152.60150146484375,63604000,2022-02-18,AMZN
152.9824981689453,148.48550415039062,150.47850036621094,150.19749450683594,66128000,2022-02-22,AMZN
151.76300048828125,144.6510009765625,151.65049743652344,144.82699584960938,64244000,2022-02-23,AMZN
151.74899291992188,139.5,139.83749389648438,151.35800170898438,100786000,2022-02-24,AMZN
153.99000549316406,149.2135009765625,150.5500030517578,153.7884979248047,62396000,2022-02-25,AMZN
154.4499969482422,150.85000610351562,152.4250030517578,153.56300354003906,57684000,2022-02-28,AMZN
154.0989990234375,149.9770050048828,152.7324981689453,151.14199829101562,44874000,2022-03-01,AMZN
152.99949645996094,148.75,150.8489990234375,152.05250549316406,47334000,2022-03-02,AMZN
153.9290008544922,146.8560028076172,153.531494140625,147.89849853515625,65198000,2022-03-03,AMZN
147.85000610351562,143.8070068359375,147.15899658203125,145.64100646972656,60934000,2022-03-04,AMZN
146.09449768066406,137.41650390625,145.44349670410156,137.4530029296875,86934000,2022-03-07,AMZN
140.69949340820312,133.57249450683594,136.68350219726562,136.01449584960938,91662000,2022-03-08,AMZN
140.25,136.8280029296875,139.5,139.2790069580078,82656000,2022-03-09,AMZN
148.67449951171875,143.97799682617188,145.68499755859375,146.8175048828125,135062000,2022-03-10,AMZN
149.6750030517578,145.36900329589844,149.57449340820312,145.52450561523438,68900000,2022-03-11,AMZN
147.4499969482422,140.88400268554688,145.9810028076172,141.85299682617188,74086000,2022-03-14,AMZN
147.98500061035156,142.0,142.85000610351562,147.3665008544922,75584000,2022-03-15,AMZN
153.14999389648438,147.35350036621094,148.5,153.10400390625,84958000,2022-03-16,AMZN
157.49850463867188,152.13999938964844,152.6405029296875,157.23899841308594,72934000,2022-03-17,AMZN
161.593994140625,156.01100158691406,156.81300354003906,161.25050354003906,102962000,2022-03-18,AMZN
163.08399963378906,159.55299377441406,161.12100219726562,161.4915008544922,66538000,2022-03-21,AMZN
166.16700744628906,161.69900512695312,161.8054962158203,164.88900756835938,64086000,2022-03-22,AMZN
166.3699951171875,162.68699645996094,163.7050018310547,163.4080047607422,55812000,2022-03-23,AMZN
164.11849975585938,160.0500030517578,163.74949645996094,163.64950561523438,56798000,2022-03-24,AMZN
165.36849975585938,162.25,164.0,164.77349853515625,49032000,2022-03-25,AMZN
169.03750610351562,164.89999389648438,164.97500610351562,168.99049377441406,59854000,2022-03-28,AMZN
170.8314971923828,167.86849975585938,170.38400268554688,169.31500244140625,66154000,2022-03-29,AMZN
168.95050048828125,165.5,168.50950622558594,166.30099487304688,56168000,2022-03-30,AMZN
166.4949951171875,162.95350646972656,166.44500732421875,162.99749755859375,59966000,2022-03-31,AMZN
165.82699584960938,162.3195037841797,164.14950561523438,163.55999755859375,57090000,2022-04-01,AMZN
168.39450073242188,163.20550537109375,164.125,168.34649658203125,49882000,2022-04-04,AMZN
168.11050415039062,163.26600646972656,167.7415008544922,164.05499267578125,53728000,2022-04-05,AMZN
162.1999969482422,157.25450134277344,161.65049743652344,158.75599670410156,79056000,2022-04-06,AMZN
160.07899475097656,154.51150512695312,158.39999389648438,157.7845001220703,68136000,2022-04-07,AMZN
157.36849975585938,154.2310028076172,156.75,154.4604949951172,46002000,2022-04-08,AMZN
154.13650512695312,150.5345001220703,152.71299743652344,151.1219940185547,52112000,2022-04-11,AMZN
155.0989990234375,150.38299560546875,153.6925048828125,150.78750610351562,55178000,2022-04-12,AMZN
156.02499389648438,149.60000610351562,150.01849365234375,155.54100036621094,53390000,2022-04-13,AMZN
155.89700317382812,151.4720001220703,155.38999938964844,151.7064971923828,51598000,2022-04-14,AMZN
154.0395050048828,150.25050354003906,151.52349853515625,152.78500366210938,46514000,2022-04-18,AMZN
158.6490020751953,151.55050659179688,152.0294952392578,158.11549377441406,54926000,2022-04-19,AMZN
157.6024932861328,153.60350036621094,157.6024932861328,153.9980010986328,59630000,2022-04-20,AMZN
156.73800659179688,147.58949279785156,154.71400451660156,148.29600524902344,63970000,2022-04-21,AMZN
149.61500549316406,143.69749450683594,148.25,144.35000610351562,73078000,2022-04-22,AMZN
146.22149658203125,142.30650329589844,144.0229949951172,146.07400512695312,61874000,2022-04-25,AMZN
144.8560028076172,138.92950439453125,144.8000030517578,139.39100646972656,77530000,2022-04-26,AMZN
141.94850158691406,135.7834930419922,140.19149780273438,138.16700744628906,71336000,2022-04-27,AMZN
145.9375,140.3000030517578,142.17799377441406,144.59649658203125,117316000,2022-04-28,AMZN
130.76100158691406,121.625,129.8489990234375,124.28150177001953,272662000,2022-04-29,AMZN
124.66799926757812,118.375,122.4010009765625,124.5,148788000,2022-05-02,AMZN
126.22049713134766,122.82499694824219,124.05349731445312,124.25350189208984,79134000,2022-05-03,AMZN
126.0,119.18299865722656,123.5999984741211,125.92849731445312,110746000,2022-05-04,AMZN
123.4990005493164,115.07250213623047,123.0,116.40699768066406,144392000,2022-05-05,AMZN
119.05049896240234,113.08149719238281,114.8499984741211,114.77249908447266,124260000,2022-05-06,AMZN
114.0,107.95700073242188,111.3125,108.78900146484375,128124000,2022-05-09,AMZN
112.64250183105469,107.1709976196289,111.25,108.85900115966797,105434000,2022-05-10,AMZN
110.15599822998047,104.42849731445312,108.10350036621094,105.37200164794922,109704000,2022-05-11,AMZN
110.78050231933594,102.40550231933594,102.75,106.93049621582031,132026000,2022-05-12,AMZN
113.18399810791016,107.80000305175781,109.06900024414062,113.05500030517578,93684000,2022-05-13,AMZN
113.99250030517578,110.35399627685547,113.0999984741211,110.81050109863281,74566000,2022-05-16,AMZN
115.80000305175781,111.27649688720703,113.2750015258789,115.36849975585938,76448000,2022-05-17,AMZN
112.85299682617188,106.2490005493164,111.43949890136719,107.11250305175781,108380000,2022-05-18,AMZN
110.03399658203125,106.19300079345703,106.28050231933594,107.31900024414062,88142000,2022-05-19,AMZN
109.89800262451172,105.0094985961914,109.56849670410156,107.59100341796875,99500000,2022-05-20,AMZN
108.81900024414062,103.94999694824219,108.46099853515625,107.55699920654297,107798000,2022-05-23,AMZN
105.4000015258789,101.26000213623047,104.0250015258789,104.0999984741211,102934000,2022-05-24,AMZN
108.17500305175781,103.6500015258789,103.65550231933594,106.7750015258789,93120000,2022-05-25,AMZN
112.66549682617188,107.45349884033203,107.97000122070312,111.07749938964844,93002000,2022-05-26,AMZN
115.18699645996094,112.62799835205078,113.55000305175781,115.14649963378906,93660000,2022-05-27,AMZN
121.99449920654297,115.67500305175781,116.27999877929688,120.20950317382812,144634000,2022-05-31,AMZN
125.17900085449219,120.62249755859375,122.25599670410156,121.68399810791016,127528000,2022-06-01,AMZN
125.61000061035156,120.04499816894531,121.68399810791016,125.51100158691406,100560000,2022-06-02,AMZN
124.4000015258789,121.04650115966797,124.19999694824219,122.3499984741211,97604000,2022-06-03,AMZN
128.99000549316406,123.80999755859375,125.25,124.79000091552734,135269000,2022-06-06,AMZN
124.0999984741211,120.62999725341797,122.01000213623047,123.0,85156700,2022-06-07,AMZN
123.75,120.75,122.61000061035156,121.18000030517578,64926600,2022-06-08,AMZN
121.30000305175781,116.0999984741211,119.98999786376953,116.1500015258789,67029800,2022-06-09,AMZN
114.5,109.05000305175781,113.41999816894531,109.6500015258789,87266000,2022-06-10,AMZN
106.54000091552734,101.86000061035156,104.19000244140625,103.66999816894531,99277700,2022-06-13,AMZN
104.87999725341797,101.43000030517578,104.19000244140625,102.30999755859375,69728800,2022-06-14,AMZN
109.05999755859375,103.52999877929688,103.86000061035156,107.66999816894531,85011100,2022-06-15,AMZN
104.58000183105469,102.01000213623047,104.47000122070312,103.66000366210938,82186300,2022-06-16,AMZN
106.9800033569336,102.51000213623047,102.80000305175781,106.22000122070312,99772100,2022-06-17,AMZN
111.62999725341797,103.55999755859375,108.19999694824219,108.68000030517578,70901200,2022-06-21,AMZN
112.12999725341797,107.0199966430664,107.43000030517578,108.94999694824219,60040100,2022-06-22,AMZN
113.0,107.93000030517578,110.38999938964844,112.44000244140625,64345300,2022-06-23,AMZN
116.70999908447266,111.43000030517578,112.37999725341797,116.45999908447266,69867600,2022-06-24,AMZN
117.9800033569336,112.69999694824219,117.08999633789062,113.22000122070312,62133200,2022-06-27,AMZN
114.8499984741211,107.04000091552734,113.5,107.4000015258789,74942900,2022-06-28,AMZN
110.98999786376953,106.91000366210938,107.37999725341797,108.91999816894531,66375300,2022-06-29,AMZN
108.18000030517578,102.5199966430664,108.11000061035156,106.20999908447266,97679400,2022-06-30,AMZN
109.75,105.8499984741211,106.29000091552734,109.55999755859375,73021200,2022-07-01,AMZN
114.08000183105469,106.31999969482422,107.5999984741211,113.5,76583700,2022-07-05,AMZN
115.4800033569336,112.01000213623047,113.20999908447266,114.33000183105469,66958900,2022-07-06,AMZN
116.98999786376953,113.48999786376953,113.8499984741211,116.33000183105469,57872300,2022-07-07,AMZN
116.58000183105469,113.69000244140625,114.5999984741211,115.54000091552734,45719700,2022-07-08,AMZN
114.30000305175781,110.87000274658203,114.08000183105469,111.75,53487600,2022-07-11,AMZN
113.2300033569336,108.33999633789062,112.16000366210938,109.22000122070312,54280300,2022-07-12,AMZN
111.77999877929688,106.01000213623047,107.02999877929688,110.4000015258789,61353800,2022-07-13,AMZN
111.18000030517578,107.58000183105469,110.23999786376953,110.62999725341797,51163100,2022-07-14,AMZN
115.58999633789062,111.58999633789062,112.5,113.55000305175781,84317800,2022-07-15,AMZN
117.23999786376953,113.1500015258789,115.0,113.76000213623047,59115400,2022-07-18,AMZN
118.94999694824219,114.02999877929688,115.69999694824219,118.20999908447266,60990000,2022-07-19,AMZN
123.4800033569336,118.31999969482422,118.62000274658203,122.7699966430664,71268300,2022-07-20,AMZN
124.8499984741211,121.26000213623047,123.19999694824219,124.62999725341797,60239900,2022-07-21,AMZN
125.5,121.3499984741211,125.01000213623047,122.41999816894531,51463800,2022-07-22,AMZN
123.63999938964844,120.02999877929688,122.69999694824219,121.13999938964844,50221300,2022-07-25,AMZN
118.1500015258789,114.52999877929688,115.79000091552734,114.80999755859375,67075100,2022-07-26,AMZN
121.9000015258789,117.16000366210938,117.30999755859375,120.97000122070312,61582000,2022-07-27,AMZN
122.83999633789062,118.08000183105469,121.56999969482422,122.27999877929688,82245500,2022-07-28,AMZN
137.64999389648438,132.41000366210938,134.89999389648438,134.9499969482422,148892900,2022-07-29,AMZN
138.8300018310547,133.50999450683594,134.9600067138672,135.38999938964844,76846900,2022-08-01,AMZN
137.44000244140625,134.08999633789062,134.72000122070312,134.16000366210938,61922400,2022-08-02,AMZN
140.49000549316406,136.0500030517578,136.2100067138672,139.52000427246094,71827800,2022-08-03,AMZN
143.55999755859375,139.5500030517578,140.5800018310547,142.57000732421875,70585000,2022-08-04,AMZN
142.86000061035156,139.60000610351562,140.10000610351562,140.8000030517578,50686900,2022-08-05,AMZN
144.22999572753906,138.2899932861328,142.0500030517578,139.41000366210938,52229000,2022-08-08,AMZN
138.9499969482422,136.2100067138672,138.0500030517578,137.8300018310547,40434700,2022-08-09,AMZN
144.60000610351562,141.00999450683594,142.89999389648438,142.69000244140625,54773800,2022-08-10,AMZN
144.49000549316406,139.75999450683594,143.86000061035156,140.63999938964844,44867300,2022-08-11,AMZN
143.57000732421875,140.1199951171875,142.0500030517578,143.5500030517578,47643500,2022-08-12,AMZN
143.75999450683594,141.49000549316406,142.8000030517578,143.17999267578125,39014600,2022-08-15,AMZN
146.57000732421875,142.0,143.91000366210938,144.77999877929688,59102900,2022-08-16,AMZN
143.3800048828125,140.77999877929688,142.69000244140625,142.10000610351562,48149800,2022-08-17,AMZN
142.77000427246094,140.3800048828125,141.32000732421875,142.3000030517578,37458700,2022-08-18,AMZN
141.11000061035156,137.91000366210938,140.47000122070312,138.22999572753906,47792800,2022-08-19,AMZN
136.32000732421875,132.85000610351562,135.72000122070312,133.22000122070312,50461500,2022-08-22,AMZN
134.99000549316406,132.9499969482422,133.41000366210938,133.6199951171875,36252100,2022-08-23,AMZN
135.47000122070312,132.10000610351562,132.75,133.8000030517578,38627000,2022-08-24,AMZN
137.4199981689453,134.27999877929688,135.25999450683594,137.27999877929688,37496300,2022-08-25,AMZN
137.8300018310547,130.5,136.5500030517578,130.75,53322700,2022-08-26,AMZN
131.9499969482422,128.77000427246094,129.89999389648438,129.7899932861328,48101600,2022-08-29,AMZN
132.07000732421875,126.8499984741211,131.25,128.72999572753906,49203000,2022-08-30,AMZN
130.58999633789062,126.73999786376953,129.4499969482422,126.7699966430664,53648700,2022-08-31,AMZN
128.02000427246094,123.66000366210938,126.0,127.81999969482422,56636100,2022-09-01,AMZN
131.3800048828125,126.38999938964844,129.5,127.51000213623047,57378500,2022-09-02,AMZN
128.6199951171875,124.73999786376953,127.91999816894531,126.11000061035156,43888600,2022-09-06,AMZN
129.82000732421875,125.4000015258789,126.12000274658203,129.47999572753906,47900300,2022-09-07,AMZN
130.27999877929688,127.0999984741211,127.72000122070312,129.82000732421875,43988500,2022-09-08,AMZN
133.69000244140625,130.75999450683594,130.91000366210938,133.27000427246094,49387600,2022-09-09,AMZN
136.49000549316406,134.0,134.10000610351562,136.4499969482422,53826900,2022-09-12,AMZN
131.39999389648438,126.2699966430664,131.00999450683594,126.81999969482422,72694000,2022-09-13,AMZN
128.83999633789062,126.33000183105469,127.36000061035156,128.5500030517578,45316800,2022-09-14,AMZN
130.3699951171875,125.5,127.37999725341797,126.27999877929688,52887200,2022-09-15,AMZN
123.87000274658203,120.69999694824219,122.77999877929688,123.52999877929688,115612500,2022-09-16,AMZN
124.70999908447266,121.80000305175781,122.16000366210938,124.66000366210938,47279700,2022-09-19,AMZN
124.4000015258789,121.13999938964844,123.3499984741211,122.19000244140625,47698400,2022-09-20,AMZN
123.76000213623047,118.44999694824219,122.48999786376953,118.54000091552734,58498900,2022-09-21,AMZN
118.79000091552734,116.26000213623047,117.08000183105469,117.30999755859375,55229200,2022-09-22,AMZN
116.05000305175781,112.05999755859375,116.0,113.77999877929688,65081200,2022-09-23,AMZN
117.33999633789062,113.12999725341797,113.30000305175781,115.1500015258789,62723300,2022-09-26,AMZN
118.31999969482422,113.05000305175781,117.19999694824219,114.41000366210938,60094700,2022-09-27,AMZN
118.69999694824219,113.80000305175781,114.37999725341797,118.01000213623047,55763800,2022-09-28,AMZN
116.06999969482422,113.05999755859375,115.5999984741211,114.80000305175781,58969700,2022-09-29,AMZN
116.91999816894531,112.83999633789062,114.08000183105469,113.0,59409800,2022-09-30,AMZN
116.91000366210938,112.44999694824219,113.58000183105469,115.87999725341797,50941900,2022-10-03,AMZN
123.0,119.79000091552734,119.88999938964844,121.08999633789062,62812600,2022-10-04,AMZN
121.75,117.69000244140625,118.58000183105469,120.94999694824219,48217500,2022-10-05,AMZN
121.52999877929688,119.5,120.7699966430664,120.30000305175781,42253800,2022-10-06,AMZN
118.16999816894531,113.87999725341797,118.0,114.55999755859375,54626400,2022-10-07,AMZN
116.25,112.43000030517578,115.0999984741211,113.66999816894531,42339700,2022-10-10,AMZN
115.4800033569336,110.38999938964844,112.70999908447266,112.20999908447266,56432200,2022-10-11,AMZN
113.83000183105469,111.4000015258789,112.48999786376953,112.9000015258789,45728700,2022-10-12,AMZN
113.44000244140625,105.3499984741211,107.87999725341797,112.52999877929688,86868100,2022-10-13,AMZN
114.95999908447266,106.5999984741211,114.0999984741211,106.9000015258789,67651200,2022-10-14,AMZN
114.19000244140625,110.08999633789062,110.11000061035156,113.79000091552734,62782000,2022-10-17,AMZN
119.5199966430664,114.79000091552734,119.05999755859375,116.36000061035156,65607400,2022-10-18,AMZN
116.58999633789062,113.22000122070312,114.70999908447266,115.06999969482422,47198100,2022-10-19,AMZN
118.23999786376953,113.51000213623047,113.83000183105469,115.25,48795100,2022-10-20,AMZN
119.58999633789062,114.5,114.79000091552734,119.31999969482422,55611900,2022-10-21,AMZN
120.38999938964844,116.56999969482422,119.9800033569336,119.81999969482422,49531500,2022-10-24,AMZN
121.31999969482422,118.94999694824219,119.6500015258789,120.5999984741211,50934600,2022-10-25,AMZN
119.3499984741211,114.76000213623047,116.0,115.66000366210938,68802300,2022-10-26,AMZN
114.12000274658203,109.7699966430664,113.91999816894531,110.95999908447266,129605400,2022-10-27,AMZN
103.95999908447266,97.66000366210938,97.91000366210938,103.41000366210938,223133400,2022-10-28,AMZN
104.87000274658203,100.73999786376953,103.55999755859375,102.44000244140625,99251400,2022-10-31,AMZN
104.58000183105469,96.05999755859375,103.98999786376953,96.79000091552734,153370000,2022-11-01,AMZN
97.73999786376953,92.01000213623047,97.31999969482422,92.12000274658203,135761800,2022-11-02,AMZN
93.5,89.0199966430664,92.47000122070312,89.30000305175781,136683300,2022-11-03,AMZN
92.44000244140625,88.04000091552734,91.48999786376953,90.9800033569336,128999900,2022-11-04,AMZN
92.0999984741211,89.04000091552734,91.94999694824219,90.52999877929688,77333800,2022-11-07,AMZN
