,date,close_prediction,lower,upper,ticker
0,2019-11-04,205.81945868584847,-127.16749496792511,529.2608152037702,ETH
1,2019-11-05,211.30970548412495,-114.91345831613677,538.7515942037281,ETH
2,2019-11-06,224.3029680229733,-107.90599477713569,565.9870397363472,ETH
3,2019-11-07,217.27508007207499,-124.6198447385912,563.3976335598527,ETH
4,2019-11-08,211.63637615494088,-127.08232578104375,559.2034239461142,ETH
5,2019-11-09,217.62978665334944,-103.55193426567415,554.6846645294368,ETH
6,2019-11-10,221.72313494785752,-122.04952749111361,548.4115674002295,ETH
7,2019-11-11,223.15860915554,-129.56140590258096,569.0885960555178,ETH
8,2019-11-12,224.28066238488185,-113.04236767296786,560.4054222853815,ETH
9,2019-11-13,233.95736277925732,-127.94516364543773,581.6540188196914,ETH
10,2019-11-14,224.5836656035834,-122.97125252688573,546.943684890864,ETH
11,2019-11-15,217.46459060017773,-132.8156583123479,548.8313587167169,ETH
12,2019-11-16,222.717175771983,-134.92653983852975,582.3660539436019,ETH
13,2019-11-17,226.66718489145308,-119.18722075180854,588.7264810760993,ETH
14,2019-11-18,228.40341238644993,-85.09871781192761,577.5072694624184,ETH
15,2019-11-19,230.11069797118955,-118.39136602307282,553.6391111591164,ETH
16,2019-11-20,240.49652211679503,-123.45203855035598,584.8605185641634,ETH
17,2019-11-21,231.79950010047193,-102.56898678387039,591.2897356301017,ETH
18,2019-11-22,225.17760346679535,-133.09197178794807,559.3214777091201,ETH
19,2019-11-23,230.61483027620886,-94.0902052695216,585.4257965881411,ETH
20,2019-11-24,234.3221606616388,-105.40284819256519,555.8522970554441,ETH
21,2019-11-25,235.29551374444935,-115.01461861759498,573.9289798623582,ETH
22,2019-11-26,235.65170767756177,-124.5408704181412,578.9537236599441,ETH
23,2019-11-27,244.05720367204682,-127.10591665832858,584.7263153577937,ETH
24,2019-11-28,232.73788466896625,-117.16433795216864,576.2270566790658,ETH
25,2019-11-29,222.86765571971574,-97.76478539658888,593.4752647131411,ETH
26,2019-11-30,224.47457241467555,-132.60466366104774,579.8642470327424,ETH
27,2019-12-01,223.8403462424158,-142.23325379450685,574.9606245602515,ETH
28,2019-12-02,220.05598255193715,-115.52483923101025,545.7852459203033,ETH
29,2019-12-03,215.35461883691306,-132.35451329914446,580.4560596429292,ETH
30,2019-12-04,218.53643476513213,-109.85615773131275,565.5751545005871,ETH
31,2019-12-05,201.97399735129673,-151.10197185176222,553.412436724827,ETH
32,2019-12-06,186.99596012051268,-152.00369683622,530.3867521836189,ETH
33,2019-12-07,183.78796972440614,-167.98579807673937,534.0068787637235,ETH
34,2019-12-08,178.78678715684288,-153.45784603027138,505.85391766934066,ETH
35,2019-12-09,171.23054408224587,-159.88348847548917,508.531624550664,ETH
36,2019-12-10,163.48636859352462,-183.37244230609244,495.35454046469465,ETH
37,2019-12-11,164.47041537278352,-186.70324480284273,504.2256060728769,ETH
38,2019-12-12,146.64881897093892,-173.05476748656253,470.6622219625887,ETH
39,2019-12-13,131.41763197579263,-196.740485759091,476.9816755505486,ETH
40,2019-12-14,129.0007271635443,-210.6249055482952,459.0750419635287,ETH
41,2019-12-15,125.84177551495569,-203.2491511352597,500.9586020427848,ETH
42,2019-12-16,121.15330099379067,-244.7002242003203,452.0851797671365,ETH
43,2019-12-17,117.24409978015116,-214.87599685599912,469.6984724919196,ETH
44,2019-12-18,122.94008327731038,-229.04049475733348,460.38434679871324,ETH
45,2019-12-19,110.58705812917484,-242.98578725567862,443.111810792343,ETH
46,2019-12-20,101.43346894876302,-234.8703965627547,447.28858519789,ETH
47,2019-12-21,105.53201735430326,-253.06501614329332,427.6893220478958,ETH
48,2019-12-22,109.13617545905768,-210.23097453828674,449.2953115833153,ETH
49,2019-12-23,111.25447518395902,-247.96599390870392,443.04784989887986,ETH
50,2019-12-24,113.98371887323643,-211.8869135669123,446.72362213623046,ETH
51,2019-12-25,125.93600944719671,-218.98148975180771,460.20990215256865,ETH
52,2019-12-26,119.24793778856372,-205.6370811711369,473.08328198086076,ETH
53,2019-12-27,114.96976794999395,-249.15267535695682,465.61351501602365,ETH
54,2019-12-28,122.97334432135906,-217.99748905538118,469.83545111893744,ETH
55,2019-12-29,129.35455052016127,-230.86645594510486,452.50623607816107,ETH
56,2019-12-30,132.9930195271033,-233.20353224699204,453.5174376588272,ETH
57,2019-12-31,135.89007058004216,-206.1597636064884,481.3798152344586,ETH
58,2020-01-01,146.5996180513787,-193.7043149976197,482.98983523694,ETH
59,2020-01-02,137.24025860886593,-191.87024322746058,477.7827021735968,ETH
60,2020-01-03,128.88627156799052,-218.83178876894223,467.53355464620876,ETH
61,2020-01-04,131.4761800337279,-201.63604991377426,465.88178766644313,ETH
62,2020-01-05,131.21465783401914,-189.37765372005745,471.1679336375892,ETH
63,2020-01-06,127.13047055175502,-223.55353908672018,487.8833096145537,ETH
64,2020-01-07,121.41144934634605,-225.90800577384087,466.5082105722753,ETH
65,2020-01-08,122.83130023384331,-232.9334093766879,460.40165023750353,ETH
66,2020-01-09,103.75654574629894,-230.61498628113694,423.60123973567374,ETH
67,2020-01-10,85.53145563223742,-263.8446294352101,430.0141432314058,ETH
68,2020-01-11,78.37976413215736,-250.68227060675338,434.8982302183076,ETH
69,2020-01-12,68.79913317321132,-265.2012421679808,425.09988430074077,ETH
70,2020-01-13,56.11124402169452,-298.0758861921501,388.48257737224213,ETH
71,2020-01-14,42.78872510961287,-281.9999729977922,376.6979669601508,ETH
72,2020-01-15,37.87393669245256,-285.0328806295452,369.619824759489,ETH
73,2020-01-16,13.978130936881826,-308.48937435443946,358.93636229395383,ETH
74,2020-01-17,-7.3409377329256245,-363.7874875887192,325.19542106889423,ETH
75,2020-01-18,-15.683944832160194,-348.9937377143836,342.04965940633105,ETH
76,2020-01-19,-24.421316635908454,-357.53461543371725,318.2141860540406,ETH
77,2020-01-20,-34.14788294902826,-382.04476869548347,307.0961070541816,ETH
78,2020-01-21,-42.3595055646947,-378.38053638805695,307.34259651513133,ETH
79,2020-01-22,-40.03654300292379,-387.8781557395996,315.9153798596724,ETH
80,2020-01-23,-54.645548298678875,-396.7977019432741,265.25769223090515,ETH
81,2020-01-24,-64.76107616405886,-401.1443114080647,296.29571247419534,ETH
82,2020-01-25,-60.16858217108944,-410.12259371814827,259.846371286269,ETH
83,2020-01-26,-54.472288680356314,-399.9813720146242,267.14755034698385,ETH
84,2020-01-27,-48.5450282228806,-396.7093265320532,286.94651625942043,ETH
85,2020-01-28,-40.198812807632066,-378.7443932818512,294.44357182191845,ETH
86,2020-01-29,-20.76112945032156,-358.833785585894,324.0989160810973,ETH
87,2020-01-30,-18.068530002568536,-378.72286586585795,357.8959984332745,ETH
88,2020-01-31,-11.079590263768182,-355.4426765078386,347.3450608915078,ETH
89,2020-02-01,10.031558012116307,-340.33622705473465,326.71955362319636,ETH
90,2020-02-02,31.277009917679152,-309.0900463795416,378.30500178703517,ETH
91,2020-02-03,51.414926310685644,-277.88153914613457,411.20426795860465,ETH
92,2020-02-04,72.28842852826045,-272.2334690706364,406.8600817531294,ETH
93,2020-02-05,102.25829957907297,-226.56056260809916,467.1857330004828,ETH
94,2020-02-06,113.21768423106346,-241.1483702484748,449.76337375046825,ETH
95,2020-02-07,125.98648949741204,-221.86601035155292,464.1935742695632,ETH
96,2020-02-08,150.22408049720042,-203.45771064303244,477.0907295785813,ETH
97,2020-02-09,171.8359856274721,-147.9219171095868,508.8007864141908,ETH
98,2020-02-10,189.5372111021724,-139.7928234693794,526.6490510792181,ETH
99,2020-02-11,205.19305979837898,-149.81501865517984,531.2925044540814,ETH
100,2020-02-12,227.25213994716333,-125.39688980104792,584.3564989076789,ETH
101,2020-02-13,227.7597325478925,-150.88651684539136,597.035696339491,ETH
102,2020-02-14,227.74923801250884,-73.58233132160895,576.6952484820735,ETH
103,2020-02-15,237.15035834340733,-107.65013047649121,576.3616063158253,ETH
104,2020-02-16,242.18983110490984,-95.54093469798816,564.807068312552,ETH
105,2020-02-17,241.94745611349398,-93.30847931396436,599.2234924819064,ETH
106,2020-02-18,238.68848562426132,-108.67798978433316,589.3252375677874,ETH
107,2020-02-19,241.2872706583382,-98.86523246728603,607.3571366457154,ETH
108,2020-02-20,222.23056324008203,-109.27225577127253,567.2163829455294,ETH
109,2020-02-21,202.9984474592692,-124.45544277790198,542.8138306227722,ETH
110,2020-02-22,193.96181937942617,-141.1180791411855,545.9336290268656,ETH
111,2020-02-23,181.7725024248051,-166.0709437815859,507.42239922883294,ETH
112,2020-02-24,165.90900840075722,-149.51048539291884,519.7261998739044,ETH
113,2020-02-25,148.9992761698898,-203.28426177691975,492.06436153153095,ETH
114,2020-02-26,140.23552628505968,-228.7739058846609,491.0972594527323,ETH
115,2020-02-27,112.36985715988078,-230.78344264111547,453.0476477070273,ETH
116,2020-02-28,87.0887520188785,-278.5515331295619,411.41305720854865,ETH
117,2020-02-29,74.90558198294985,-295.53277440256505,440.2350411461205,ETH
118,2020-03-01,62.54731966832685,-239.94902223772834,402.9842159550852,ETH
119,2020-03-02,49.49856096508063,-277.56192262850004,409.92253016790636,ETH
120,2020-03-03,38.324231846299426,-282.70415159339046,364.24268894352656,ETH
121,2020-03-04,38.08611945410303,-303.7311513434079,360.09653905139004,ETH
122,2020-03-05,21.341810053129507,-321.45090009559095,377.0363740063706,ETH
123,2020-03-06,9.524117279596453,-329.56010753062714,335.8771862943002,ETH
124,2020-03-07,12.839959645487738,-352.76999152431245,350.02990318678644,ETH
125,2020-03-08,17.664738011646136,-322.0469497793071,375.9111733170545,ETH
126,2020-03-09,23.09511405460404,-308.27023610420287,344.93533649026364,ETH
127,2020-03-10,31.281342125634353,-312.6215756957495,368.62801044397804,ETH
128,2020-03-11,50.854047369369994,-296.1580841713424,376.66949492683733,ETH
129,2020-03-12,53.933770850694486,-301.9994230911426,397.21116213062083,ETH
130,2020-03-13,61.52109466836441,-278.6968079919921,383.7585528457991,ETH
131,2020-03-14,83.40603402974529,-255.91328303501393,430.98921963769,ETH
132,2020-03-15,105.57248057696683,-252.8060125107249,440.81019958475326,ETH
133,2020-03-16,126.76034405912065,-213.06379125558846,458.46568576776593,ETH
134,2020-03-17,148.8063098967636,-174.75682502879334,518.3313881470034,ETH
135,2020-03-18,180.07789579517436,-150.887947028366,546.0049663100847,ETH
136,2020-03-19,192.48894896199613,-154.99916102782703,512.5208264921619,ETH
137,2020-03-20,206.89425279104228,-152.77720502516524,558.8430257720291,ETH
138,2020-03-21,233.00182455614748,-110.62454802388291,563.2299400467423,ETH
139,2020-03-22,256.7786242431357,-53.98121293181478,590.8496502223063,ETH
140,2020-03-23,277.01230019537087,-43.93308388379028,622.9383540967958,ETH
141,2020-03-24,295.6499107892713,-40.33396551878735,626.0731711677113,ETH
142,2020-03-25,321.22837002707547,3.055818115274439,638.293792957949,ETH
143,2020-03-26,325.88485912411954,-14.682270596815771,672.1682639206211,ETH
144,2020-03-27,330.74502238995063,1.9270091805858283,682.1276983554941,ETH
145,2020-03-28,345.8276965551206,8.57678963130324,704.4876861597548,ETH
146,2020-03-29,357.44210146591035,28.570982984155332,686.3138001734025,ETH
147,2020-03-30,364.74034419163655,6.513936299525175,729.7865812486498,ETH
148,2020-03-31,370.04641996757175,18.416753760801594,730.8720212077836,ETH
149,2020-04-01,382.2767118585149,40.32297291480506,706.3855101244324,ETH
150,2020-04-02,373.9404936257688,28.41100224370239,735.379191753383,ETH
151,2020-04-03,366.51850202462475,18.774262310708096,705.1149359112012,ETH
152,2020-04-04,370.3585812693476,18.444440127129795,703.2885215917349,ETH
153,2020-04-05,372.064553661467,23.184223122132032,686.8466245790044,ETH
154,2020-04-06,371.04137717295384,41.89770632345561,731.8728029467916,ETH
155,2020-04-07,369.8179542091407,9.631196774848913,712.3505525381977,ETH
156,2020-04-08,377.4627425496871,40.319220331874554,718.0537940004468,ETH
157,2020-04-09,366.58078675497757,16.689895990889124,693.1562414938122,ETH
158,2020-04-10,358.6903120972044,19.70500082836848,721.2582246705994,ETH
159,2020-04-11,364.11791998894984,21.149901828518882,704.257001254809,ETH
160,2020-04-12,369.38853497088564,51.33376320806295,698.9727833142302,ETH
161,2020-04-13,373.7731204587629,23.282359287277938,682.3153773420189,ETH
162,2020-04-14,379.61544576652767,61.902981432358615,720.7730087157634,ETH
163,2020-04-15,395.7529381302463,44.81735348948267,745.9532978541787,ETH
164,2020-04-16,394.52008863763444,73.71058018753166,726.0456362387616,ETH
165,2020-04-17,397.13237690794256,36.744963565159395,737.3723648141388,ETH
166,2020-04-18,413.5895534185022,77.71428692552053,787.1090077234264,ETH
167,2020-04-19,430.07421211678144,74.33164977958407,798.5973048676998,ETH
168,2020-04-20,445.5084416710235,119.03888470508251,793.8433530207265,ETH
169,2020-04-21,461.88960375371414,105.32611305572928,826.7745290588742,ETH
170,2020-04-22,487.72003890713995,163.99746647900443,839.2017720189663,ETH
171,2020-04-23,495.01894278348186,173.96705972837958,825.3951318907616,ETH
172,2020-04-24,504.7141644150043,172.20070181085958,859.7079336450105,ETH
173,2020-04-25,526.5525705771354,193.96379652424272,869.170822803377,ETH
174,2020-04-26,546.5047372900701,222.75461871355535,895.0426167014577,ETH
175,2020-04-27,563.3266126518198,230.20306537964976,936.6108122879243,ETH
176,2020-04-28,578.8990860828766,229.4426873641377,920.6811023172876,ETH
177,2020-04-29,601.6601849045646,256.1277882586416,934.3233176327572,ETH
178,2020-04-30,603.6180946063754,273.7021601694527,931.1894046732294,ETH
179,2020-05-01,605.7427482180117,254.56682250501842,923.9521934961662,ETH
180,2020-05-02,617.8746519262043,271.10259607541445,961.9182276422811,ETH
181,2020-05-03,626.1267697189973,292.1589119149746,986.3310454030224,ETH
182,2020-05-04,629.4422031669244,287.01549324157367,997.2710486322828,ETH
183,2020-05-05,629.9287226842023,281.01339066730355,995.5506364813791,ETH
184,2020-05-06,636.2850175132756,308.0581410691535,1009.6800430131347,ETH
185,2020-05-07,620.8070299895801,268.30203765534026,984.0160210789078,ETH
186,2020-05-08,604.7723004394375,268.588990608838,943.3308806677568,ETH
187,2020-05-09,598.3411879635457,257.9191532831826,916.6754256665814,ETH
188,2020-05-10,587.9509892396411,249.3804936598018,954.6568747383876,ETH
189,2020-05-11,572.8658929724311,243.87376638207405,916.5571263665242,ETH
190,2020-05-12,555.5040225805603,213.19775378688598,857.5572458890211,ETH
191,2020-05-13,544.8566205380118,209.64531646751212,883.0308460069148,ETH
192,2020-05-14,513.4879112980454,160.181265773901,838.1453333508409,ETH
193,2020-05-15,482.9137214724442,154.7439757650532,838.6288491151281,ETH
194,2020-05-16,463.49785213802886,97.35550118370425,806.7146125958402,ETH
195,2020-05-17,441.8423293501989,119.19246120860352,780.5449836916864,ETH
196,2020-05-18,417.3345465519598,76.65547640399842,776.4391353521888,ETH
197,2020-05-19,392.472598214423,46.52534648887608,714.0027206635123,ETH
198,2020-05-20,376.28387496873677,6.0439392331247515,694.4507001158355,ETH
199,2020-05-21,341.325444305449,-0.4049539642176802,663.5068786569728,ETH
200,2020-05-22,309.06425399902133,4.904169163155413,648.0032983278446,ETH
201,2020-05-23,289.776084716065,-27.276234293380472,647.44668492818,ETH
202,2020-05-24,269.9392850468779,-55.06218060281869,610.9456147110743,ETH
203,2020-05-25,248.78618844430548,-99.55679791704779,594.777396759297,ETH
204,2020-05-26,228.6333794298647,-143.88557469933113,550.3322273151061,ETH
205,2020-05-27,218.3057335513215,-126.20504682638544,555.946775235288,ETH
206,2020-05-28,190.14259985840488,-153.9486084655135,532.3260373060501,ETH
207,2020-05-29,165.3840026327689,-165.86326334519927,491.99891072612724,ETH
208,2020-05-30,154.075627744165,-204.30184074566654,479.82934531160384,ETH
209,2020-05-31,142.46846947477047,-189.75709629445728,509.5213499435318,ETH
210,2020-06-01,129.5758877398007,-193.81706559116364,478.41357725966594,ETH
211,2020-06-02,117.50910515993371,-212.28702135382846,450.12548433627313,ETH
212,2020-06-03,114.9059455299606,-219.35599401313732,471.42246380962246,ETH
213,2020-06-04,93.9410780083698,-234.76143741940803,431.26399772059574,ETH
214,2020-06-05,75.71555821401182,-244.00251327045697,434.26732382172264,ETH
215,2020-06-06,70.16436983590131,-288.59895623091813,419.9804531320006,ETH
216,2020-06-07,63.457802453124486,-268.31676143752816,402.130373627406,ETH
217,2020-06-08,54.559399253749234,-309.6999249182744,391.05988822827413,ETH
218,2020-06-09,45.5615108373064,-303.2747111201164,369.55474365966194,ETH
219,2020-06-10,45.11328559804224,-290.5219649959901,374.72298912874805,ETH
220,2020-06-11,25.429410025172956,-329.04192817659487,353.5857937549308,ETH
221,2020-06-12,7.677459041255929,-339.9807959642905,326.62491828107795,ETH
222,2020-06-13,1.8826431352586042,-347.5803778827308,342.365547357329,ETH
223,2020-06-14,-5.6741143358184445,-336.4008328252524,346.09317445067694,ETH
224,2020-06-15,-15.901928867869174,-345.8125360002857,335.3194373408384,ETH
225,2020-06-16,-26.568385508861866,-369.9660244292177,296.92877888659217,ETH
226,2020-06-17,-28.875700955709704,-363.8764590186867,319.2562125070499,ETH
227,2020-06-18,-50.456186800537466,-381.36184019382495,257.64453856143416,ETH
228,2020-06-19,-69.98904034477414,-411.32773553672104,253.05632794828566,ETH
229,2020-06-20,-77.29956927628291,-401.83618775892785,280.4467665882425,ETH
230,2020-06-21,-85.9648191656014,-426.1749776092606,284.1445923613741,ETH
231,2020-06-22,-96.76267697776973,-442.62486565734736,233.25334618283773,ETH
232,2020-06-23,-107.34322820575505,-460.29995540164373,219.38834427383443,ETH
233,2020-06-24,-108.80736283462215,-446.2828926539249,235.2923377437738,ETH
234,2020-06-25,-128.70415881545296,-476.5377213638731,228.2569561126547,ETH
235,2020-06-26,-145.6490450102449,-478.73747277651654,190.34635705620232,ETH
236,2020-06-27,-149.42384203035624,-486.34204543653595,197.639896449014,ETH
237,2020-06-28,-153.58265811425542,-519.7434153791017,163.41871831596805,ETH
238,2020-06-29,-158.90073650318686,-495.8874637414865,195.6769730391099,ETH
239,2020-06-30,-163.04506885965418,-484.8341448360824,181.37656735868555,ETH
240,2020-07-01,-157.15181879342254,-524.589432498223,191.79146246000548,ETH
241,2020-07-02,-168.8221428991219,-520.2856556130171,192.79363240573343,ETH
242,2020-07-03,-176.7384775972572,-501.47442807285364,171.35122433380656,ETH
243,2020-07-04,-170.76246173357674,-516.3540457005964,178.29975348501304,ETH
244,2020-07-05,-164.53854635510424,-524.6733496528244,145.3111669304646,ETH
245,2020-07-06,-158.94046269787793,-462.87881203374127,191.46290938191584,ETH
246,2020-07-07,-151.73943546673252,-487.33826929060876,187.08393670050782,ETH
247,2020-07-08,-140.85624380256434,-488.09392749300963,185.75416576935535,ETH
248,2020-07-09,-147.32382951076806,-490.05097963728406,204.2809555044709,ETH
249,2020-07-10,-149.93247524971412,-492.61003367646936,180.23367658270175,ETH
250,2020-07-11,-138.64886788548847,-475.15038823902887,194.99461925595244,ETH
251,2020-07-12,-127.21808364636934,-465.58871355074524,179.50127797960013,ETH
252,2020-07-13,-116.6087006709023,-471.4731657162209,208.9919820227983,ETH
253,2020-07-14,-104.67993976341643,-422.22891033798254,238.17225545115025,ETH
254,2020-07-15,-82.7559488432288,-402.7501724843359,268.5726476399692,ETH
255,2020-07-16,-78.6188736789054,-402.033069753256,271.61686014407684,ETH
256,2020-07-17,-71.1228213830683,-412.5082181622839,276.0284153857335,ETH
257,2020-07-18,-50.2899076462968,-375.8728836575425,303.7043708970637,ETH
258,2020-07-19,-29.91244343707649,-350.79851184562125,314.5428340883992,ETH
259,2020-07-20,-10.998420802687178,-343.00451438863314,333.08076395428867,ETH
260,2020-07-21,8.560840756029165,-334.32219932612895,333.35038404231983,ETH
261,2020-07-22,37.41581281390984,-281.95632097085144,402.5845896066651,ETH
262,2020-07-23,47.76503972403441,-313.2277613016809,388.3292532526077,ETH
263,2020-07-24,60.74051611119398,-281.6360030002961,411.71330383816286,ETH
264,2020-07-25,86.31100497868147,-234.2488655633308,429.7999851429154,ETH
265,2020-07-26,110.679271870354,-237.39730576192258,464.60921858761344,ETH
266,2020-07-27,132.83610088021294,-199.941819515598,482.25212580974613,ETH
267,2020-07-28,154.89224988050967,-180.84084662256112,513.2213356193582,ETH
268,2020-07-29,185.50328215711386,-131.90525659683234,545.2186887644087,ETH
269,2020-07-30,196.87567705719516,-143.6762830496997,523.5688480855089,ETH
270,2020-07-31,210.1521492983935,-130.87600248692223,568.6689504063055,ETH
271,2020-08-01,235.31501185676723,-115.60487230979088,599.7489077698144,ETH
272,2020-08-02,258.58354169097527,-64.96262521356932,616.1106220653271,ETH
273,2020-08-03,278.96819254357297,-73.08314650635145,601.5553072816637,ETH
274,2020-08-04,298.6027863913481,-36.524597165902705,648.203768599068,ETH
275,2020-08-05,326.16959199266785,-29.767493534812438,669.6083989520957,ETH
276,2020-08-06,333.9056628613731,-14.37099147977456,672.683202858522,ETH
277,2020-08-07,342.9883339918614,9.829320236198978,704.1261972368421,ETH
278,2020-08-08,363.438683357584,18.904679213362513,677.5173016197672,ETH
279,2020-08-09,381.5188914076883,32.71382611919326,712.8664519975569,ETH
280,2020-08-10,396.2863209518136,47.54398319109695,744.8797154810582,ETH
281,2020-08-11,409.9254324941365,75.8299140334519,740.5310066445979,ETH
282,2020-08-12,431.17243325654556,84.91503347350124,782.7702369129308,ETH
283,2020-08-13,432.32102895030545,102.79413073309676,781.4286882767096,ETH
284,2020-08-14,434.6071819160074,108.37852644628806,758.9983381274154,ETH
285,2020-08-15,448.1116933135903,120.20054576563933,767.1565181894035,ETH
286,2020-08-16,459.15656176778083,128.9593482281491,787.680828004554,ETH
287,2020-08-17,466.85796687877973,129.0491964726178,800.0487265842874,ETH
288,2020-08-18,473.45702481939037,122.69079734364384,807.3399480863171,ETH
289,2020-08-19,487.7432514943948,143.7857108836723,851.7873836122992,ETH
290,2020-08-20,482.0591434343635,129.02811091053778,825.7241666025456,ETH
291,2020-08-21,477.6838233654804,112.67016444888993,819.1184838161105,ETH
292,2020-08-22,484.7346123996421,159.09012581489873,823.2317000146861,ETH
293,2020-08-23,489.5625244296024,149.1514222374604,843.9811826471583,ETH
294,2020-08-24,491.3045717233424,168.23847753126765,832.0339871785798,ETH
295,2020-08-25,492.2140651835394,145.1383915415566,811.5794525320811,ETH
296,2020-08-26,501.0838750861698,176.22957064763415,840.9824315449182,ETH
297,2020-08-27,490.25108548295606,135.14785857926557,812.9338461058564,ETH
298,2020-08-28,480.9810036924727,135.8085565631648,821.8691251606698,ETH
299,2020-08-29,483.3693918341444,144.56808133329548,818.4906868605689,ETH
300,2020-08-30,483.7389108901643,138.0268254188692,838.2069712395402,ETH
301,2020-08-31,481.1926507752066,147.7457268445125,841.6592811126643,ETH
302,2020-09-01,477.9459040007938,132.6046382582469,831.3894083807128,ETH
303,2020-09-02,482.75111292214757,139.97398491575885,828.9204246592204,ETH
304,2020-09-03,467.9043787510273,144.6947692646972,831.1938554068898,ETH
305,2020-09-04,454.6314407029756,104.00693856495597,810.9688284358939,ETH
306,2020-09-05,452.9919325583598,133.08479698352957,799.7181650364793,ETH
307,2020-09-06,449.27784253952785,114.49012128543093,773.8499580577397,ETH
308,2020-09-07,442.56898243658685,85.03137514618312,789.0438284009566,ETH
309,2020-09-08,435.0665551665197,115.61997463470588,791.7429398192454,ETH
310,2020-09-09,435.5196837117308,104.28238750857186,781.3237454505272,ETH
311,2020-09-10,416.23322619463045,84.44435350510882,744.6653545719711,ETH
312,2020-09-11,398.45472785217737,51.61232366578307,743.3027060819849,ETH
313,2020-09-12,392.27926751549273,61.43267477559729,727.9581547073506,ETH
314,2020-09-13,384.0480846655174,63.47744930766652,727.4489277761818,ETH
315,2020-09-14,372.90376468222235,59.46620758001778,717.5193259788668,ETH
316,2020-09-15,361.1230560268388,-5.635590182469981,660.0800621658719,ETH
317,2020-09-16,357.54218072559337,8.916228338535216,711.167770140492,ETH
318,2020-09-17,334.5629757741482,2.7095713045420293,681.9617968032502,ETH
319,2020-09-18,313.53774372321556,-14.404181499828242,680.7296205586925,ETH
320,2020-09-19,304.6716118134408,-17.495992624288192,631.4679896688821,ETH
321,2020-09-20,294.41834107103506,-51.502774858550296,643.0150088159859,ETH
322,2020-09-21,282.03243065767936,-46.76330086898687,623.1461977148208,ETH
323,2020-09-22,269.8986696228642,-74.11616825549689,608.5289630428806,ETH
324,2020-09-23,266.9540845618423,-74.70152579071117,619.6499149177993,ETH
325,2020-09-24,245.69071434950683,-107.17578486508728,593.090245710472,ETH
326,2020-09-25,227.53718754360818,-100.45083504869697,542.4047159687142,ETH
327,2020-09-26,222.75800022403348,-124.36391461999978,561.8743994835617,ETH
328,2020-09-27,217.84653218474824,-104.62309701017206,558.8028024493102,ETH
329,2020-09-28,212.0747384982804,-133.63822467823286,518.0099431043602,ETH
330,2020-09-29,207.82075268178363,-136.80753907107155,547.6583301073123,ETH
331,2020-09-30,213.98942369392864,-133.9103666741791,541.3250279465982,ETH
332,2020-10-01,203.01427883232446,-148.863213228445,524.6378600061944,ETH
333,2020-10-02,196.23893404340595,-166.45587900729225,535.3183015956178,ETH
334,2020-10-03,203.81687857945087,-126.83269576583409,548.0482415104067,ETH
335,2020-10-04,212.10568301854,-131.4038393393491,566.4377034476593,ETH
336,2020-10-05,220.21855988108274,-120.3368267560023,559.7944549805965,ETH
337,2020-10-06,230.35448611195528,-132.40321426457285,587.9731906410339,ETH
338,2020-10-07,251.22186379987738,-68.1190431646611,574.5826593161515,ETH
339,2020-10-08,255.04414727132172,-83.4824923108457,574.9598197920274,ETH
340,2020-10-09,262.94537744428925,-71.75801058252544,622.0448112998457,ETH
341,2020-10-10,284.85445493993143,-63.21256053638273,622.9930017698949,ETH
342,2020-10-11,306.90409308829237,-37.27846222903273,637.0630092216064,ETH
343,2020-10-12,327.9872625062595,-31.984209577517046,689.925377442933,ETH
344,2020-10-13,350.09221239493684,30.897199379534236,670.4412860218008,ETH
345,2020-10-14,381.730917602709,14.751724462549225,720.8973290177315,ETH
346,2020-10-15,394.9492525759153,42.70995568657668,743.6365632434678,ETH
347,2020-10-16,410.7167099603196,50.81959316840469,738.7373329414636,ETH
348,2020-10-17,438.8343796499313,97.61515251649469,786.5860800797177,ETH
349,2020-10-18,465.3370245244605,109.45955960846428,812.8442242676481,ETH
350,2020-10-19,489.0519735982666,144.88273630612494,826.8327354037264,ETH
351,2020-10-20,511.9358435012269,173.21328218823302,864.1227067185971,ETH
352,2020-10-21,542.5038821953995,203.8695299526417,875.9099947194046,ETH
353,2020-10-22,558.2394514025535,215.19466064891813,908.9718782328937,ETH
354,2020-10-23,574.7852057258508,242.84746261464068,930.677869734774,ETH
355,2020-10-24,602.0471907391798,281.3504518066642,921.404722648688,ETH
356,2020-10-25,626.1952345100087,278.86015826261087,960.0429715043409,ETH
357,2020-10-26,646.2186571563228,296.2632006182487,976.9231942623036,ETH
358,2020-10-27,664.2591368975602,331.58527333345637,1021.4519658488874,ETH
359,2020-10-28,689.035622720929,341.8230490472727,994.3862927745864,ETH
360,2020-10-29,692.8496734631673,334.845964952656,1068.2493743043876,ETH
361,2020-10-30,696.9691556624924,357.06674315770414,1053.8578703550997,ETH
362,2020-10-31,711.5291637627254,374.44652591801093,1068.5096728835547,ETH
363,2020-11-01,722.9261761837674,385.2034474817996,1039.8198743294406,ETH
364,2020-11-02,730.3683701566601,383.33544515664374,1066.4285407640136,ETH
365,2020-11-03,736.203327971136,391.7377529462715,1069.9502947374315,ETH
366,2020-11-04,749.338163842527,405.13920944339293,1091.3657155854216,ETH
367,2020-11-05,742.2405807736795,401.38133133270907,1107.1564747953178,ETH
368,2020-11-06,736.318906084367,388.44604663521824,1070.8631481394143,ETH
369,2020-11-07,741.8200688605214,388.36306723775004,1104.8365248911348,ETH
370,2020-11-08,745.2216128919066,434.0245347185666,1091.0884783477,ETH
371,2020-11-09,745.7807260169277,422.80978406999503,1085.5508137231657,ETH
372,2020-11-10,745.8615526883364,393.84726491157255,1083.8079948292252,ETH
373,2020-11-11,754.3558281273794,389.2054268585139,1098.297118230458,ETH
374,2020-11-12,743.6853271560221,394.84637333616325,1082.9955275693494,ETH
375,2020-11-13,735.1841349333464,367.8789022787502,1059.5971307621005,ETH
376,2020-11-14,738.9996372469659,387.5239928730479,1061.07068222798,ETH
377,2020-11-15,741.4882358952482,389.7950145009669,1075.6754995961219,ETH
378,2020-11-16,741.76866198773,392.38791259869237,1101.9427380820584,ETH
379,2020-11-17,742.0540288058946,396.06380765164204,1060.061707170743,ETH
380,2020-11-18,751.0775238406992,416.7941997974794,1096.0519790219053,ETH
381,2020-11-19,741.1000846803414,392.7594752719963,1080.5092648120087,ETH
382,2020-11-20,733.2979121316893,396.95845229344815,1094.889090774063,ETH
383,2020-11-21,737.6685633797407,408.34938706508007,1083.0396418809,ETH
384,2020-11-22,740.4314793683586,433.01449298817244,1087.7400247977732,ETH
385,2020-11-23,740.5856757984502,395.8160543076368,1078.4034525594784,ETH
386,2020-11-24,740.2456081177626,401.10132316502154,1038.8543800222137,ETH
387,2020-11-25,748.0699949318379,401.9023253301184,1111.9062516993085,ETH
388,2020-11-26,747.9487726961534,414.03578587453484,1105.1034898053706,ETH
389,2020-11-27,749.3613429836726,427.791404419855,1091.8050208848356,ETH
390,2020-11-28,762.3140448542986,432.8247814415871,1096.8063632976305,ETH
391,2020-11-29,773.0634467180815,431.07395274906975,1136.8622037128657,ETH
392,2020-11-30,780.6728115706612,459.9843716647615,1130.4073728553685,ETH
393,2020-12-01,787.3458550405849,435.1573285931032,1109.6966817142086,ETH
394,2020-12-02,801.8526401775734,459.59178819630614,1133.7143102642976,ETH
395,2020-12-03,796.5359426570675,457.8764371656614,1131.5175938645161,ETH
396,2020-12-04,792.6959741487104,436.97367587103184,1150.527758550999,ETH
397,2020-12-05,800.4922857423826,465.6656650181023,1141.364231024786,ETH
398,2020-12-06,806.3388274680875,452.51539049725494,1170.6845903616922,ETH
399,2020-12-07,809.4550546931376,468.98483411688477,1124.1533642828404,ETH
400,2020-12-08,812.1942882731583,491.3419285169192,1157.156330388932,ETH
401,2020-12-09,823.4643390170347,496.4631340990351,1163.8595210224155,ETH
402,2020-12-10,815.7288948578644,482.90213342951034,1145.8509247982886,ETH
403,2020-12-11,810.3877163980595,459.52519636857534,1154.3066230633021,ETH
404,2020-12-12,817.674609093671,465.98960495719547,1195.319127015406,ETH
405,2020-12-13,824.0492784733633,483.23985113846817,1169.8575390048104,ETH
406,2020-12-14,828.7460694821024,455.49172266109144,1176.0812888031608,ETH
407,2020-12-15,834.1008835727066,505.62075453043525,1166.011921599429,ETH
408,2020-12-16,848.9713444330797,480.00508420952593,1181.299376116035,ETH
409,2020-12-17,845.7387425338324,509.4376985291983,1182.8434679802049,ETH
410,2020-12-18,845.6898061044565,503.6495417639671,1183.8068571654344,ETH
411,2020-12-19,858.9172384301652,504.9892152472379,1202.55057852421,ETH
412,2020-12-20,871.7150695989686,504.09735319729094,1218.374299419883,ETH
413,2020-12-21,883.1317369167963,553.6125377251481,1248.8261746230091,ETH
414,2020-12-22,895.3020742748,553.4734467839945,1238.3408761098094,ETH
415,2020-12-23,916.8731444825556,565.4124682729376,1267.7306377383522,ETH
416,2020-12-24,920.0122879932343,585.4501734360499,1270.8724048045797,ETH
417,2020-12-25,925.795263260376,592.7469594607751,1271.1639548400676,ETH
418,2020-12-26,944.1132354201429,599.9212775015181,1281.8562184164084,ETH
419,2020-12-27,961.0744725529769,608.347531135752,1285.0581253793218,ETH
420,2020-12-28,975.5634745777184,634.684975152756,1305.66482691165,ETH
421,2020-12-29,989.5785310747851,620.3668832182751,1332.43367509691,ETH
422,2020-12-30,1011.6624686235067,676.2566102387192,1377.090343245475,ETH
423,2020-12-31,1013.9148229837776,656.1774124506239,1348.6549488316355,ETH
424,2021-01-01,1017.3830761246023,689.6594365506317,1350.0133945668572,ETH
425,2021-01-02,1031.9717983902224,679.1150437088179,1381.8119461463073,ETH
426,2021-01-03,1043.8452748980444,690.1909104555219,1408.7046187994922,ETH
427,2021-01-04,1051.986386342791,686.6394168970666,1381.4123962175818,ETH
428,2021-01-05,1058.5327011780264,719.9400751301155,1387.476322026075,ETH
429,2021-01-06,1072.2045543160255,740.8529573116332,1413.0186040622177,ETH
430,2021-01-07,1065.3133770097106,715.7003911400534,1428.6677740417917,ETH
431,2021-01-08,1059.1480984305426,716.4202536961702,1393.0092616040095,ETH
432,2021-01-09,1063.8783773898988,735.1532531566987,1394.0736192126744,ETH
433,2021-01-10,1065.9505825666552,706.7249244082857,1418.2010391385463,ETH
434,2021-01-11,1064.639362024977,718.7237388379954,1381.233468013263,ETH
435,2021-01-12,1062.3759683175774,712.9704781010003,1403.8562519444133,ETH
436,2021-01-13,1068.1683201273736,722.3656011711107,1411.5364334466392,ETH
437,2021-01-14,1054.601281516344,728.1749022495821,1416.3883259180561,ETH
438,2021-01-15,1043.2152004217794,693.8168153548639,1408.3568135188477,ETH
439,2021-01-16,1044.4016846242512,688.2885082776486,1392.5896338548039,ETH
440,2021-01-17,1044.7927458654328,674.5222932756536,1370.6595695174512,ETH
441,2021-01-18,1043.8063517701137,717.0928009182678,1395.6002520335292,ETH
442,2021-01-19,1043.9697316202457,702.5600008171871,1375.5069074411522,ETH
443,2021-01-20,1054.3355723423838,713.7982280350683,1398.1995872740733,ETH
444,2021-01-21,1047.4797122432367,683.4912708901129,1379.0705972487347,ETH
445,2021-01-22,1044.8784677855124,727.7611539089286,1401.7950744537159,ETH
446,2021-01-23,1056.8046294748374,699.7348836752193,1399.0968670953098,ETH
447,2021-01-24,1069.7182775151573,751.70652653888,1421.1264633650271,ETH
448,2021-01-25,1082.8154379735706,762.0429773319914,1415.9683226420775,ETH
449,2021-01-26,1098.3558677105505,737.320960620301,1419.3208970410647,ETH
450,2021-01-27,1125.0850088594348,771.7010776945882,1455.6451047524934,ETH
451,2021-01-28,1135.2385891484664,780.3568522757957,1452.1454908178234,ETH
452,2021-01-29,1149.9278395853253,802.7055209256284,1486.8904944066142,ETH
453,2021-01-30,1179.044173308054,850.4747432161591,1518.894432539104,ETH
454,2021-01-31,1208.6592603616011,857.1729300624013,1550.34139907771,ETH
455,2021-02-01,1237.5832851552243,880.7126713252695,1560.6017522362115,ETH
456,2021-02-02,1267.7024288745943,934.2231175542912,1616.3919652287375,ETH
457,2021-02-03,1307.4103661236777,944.9571275465839,1669.302012820997,ETH
458,2021-02-04,1328.6220016154011,976.3845040499201,1645.0028465917392,ETH
459,2021-02-05,1352.1671765085086,993.8211959599439,1709.2561290447945,ETH
460,2021-02-06,1387.7029589338608,1045.5183354237254,1757.2214863991778,ETH
461,2021-02-07,1421.1202471465995,1071.596530823001,1752.5474604494286,ETH
462,2021-02-08,1451.1072903161676,1105.485631933708,1784.637780988394,ETH
463,2021-02-09,1479.4910195523437,1145.3330985396624,1802.9117227973109,ETH
464,2021-02-10,1514.6708642481772,1176.3795143444936,1826.9109831533126,ETH
465,2021-02-11,1528.6332043993555,1194.1293717140852,1878.6769968480028,ETH
466,2021-02-12,1542.3441538493475,1190.558138036655,1854.140928317861,ETH
467,2021-02-13,1565.6592985027053,1224.1581585751712,1939.0550140468,ETH
468,2021-02-14,1584.7261676140524,1257.6585016874712,1899.4460291984924,ETH
469,2021-02-15,1598.5421360046607,1278.6284395909447,1954.4721642371621,ETH
470,2021-02-16,1609.2887812082622,1246.5719609955065,1950.7850046864467,ETH
471,2021-02-17,1625.7575381823044,1282.6388050547682,1968.2900533683196,ETH
472,2021-02-18,1620.3550016269558,1274.3899464221367,1934.7152886286274,ETH
473,2021-02-19,1614.4857970009998,1266.481561048826,1949.9179462584468,ETH
474,2021-02-20,1618.451891370475,1274.6691685440655,1949.6745001579704,ETH
475,2021-02-21,1618.8443838505823,1295.0293358750444,1943.6058749987114,ETH
476,2021-02-22,1615.0907429147649,1277.2965125086025,1959.185313916597,ETH
477,2021-02-23,1609.778784724726,1280.467681999971,1967.1278647774318,ETH
478,2021-02-24,1612.0724989338364,1271.5052810561701,1974.222025301666,ETH
479,2021-02-25,1594.7083225552926,1267.0608378303202,1926.989996910389,ETH
480,2021-02-26,1579.3700136767006,1229.9980100491719,1914.610167487683,ETH
481,2021-02-27,1576.5812009031174,1220.5835654678758,1917.2783329202825,ETH
482,2021-02-28,1573.0918216844486,1197.6898251229811,1934.4934021517265,ETH
483,2021-03-01,1568.4215542502238,1248.3146343462658,1924.1431904600033,ETH
484,2021-03-02,1565.181635161299,1224.4474834256946,1921.4806156381146,ETH
485,2021-03-03,1572.4902245899798,1230.3724833779104,1894.6721036387103,ETH
486,2021-03-04,1562.969931885556,1237.177743671087,1903.2898480782567,ETH
487,2021-03-05,1558.1256211412888,1239.5330067203995,1908.0201329410634,ETH
488,2021-03-06,1568.2414973703437,1246.033723111839,1933.724822438526,ETH
489,2021-03-07,1579.7735699264986,1234.161947375145,1913.5074939718684,ETH
490,2021-03-08,1591.9004431771789,1245.683357194728,1914.2136943006603,ETH
491,2021-03-09,1606.8536375923284,1257.7688518575246,1950.065839532274,ETH
492,2021-03-10,1633.3423853317336,1305.6026792748464,1972.378103531126,ETH
493,2021-03-11,1643.5612716009525,1288.2738265944724,1993.5145196594965,ETH
494,2021-03-12,1658.578581910367,1320.0894625386306,1979.520527237402,ETH
495,2021-03-13,1688.244088837437,1339.2818102610959,2003.1998412161686,ETH
496,2021-03-14,1718.5921007117431,1397.2850937896721,2078.9041415938523,ETH
497,2021-03-15,1748.4024547302,1423.2627799984232,2086.316934901259,ETH
498,2021-03-16,1779.5403997840672,1445.6495597382595,2136.553698107011,ETH
499,2021-03-17,1820.3900728668386,1454.8486417830063,2157.0034069784897,ETH
500,2021-03-18,1842.86972360891,1488.8340744318634,2186.0592834114696,ETH
501,2021-03-19,1867.8263607632075,1535.283764464559,2212.943064551326,ETH
502,2021-03-20,1904.9483990307165,1537.8277296620247,2244.814248088797,ETH
503,2021-03-21,1940.1720152086398,1600.5368682039662,2267.0020740462464,ETH
504,2021-03-22,1972.2438205322226,1645.6088743831485,2322.7144257878826,ETH
505,2021-03-23,2003.06076250457,1649.3348388563793,2320.2926296733117,ETH
506,2021-03-24,2041.1019710126288,1706.1833800884124,2396.912572452925,ETH
507,2021-03-25,2058.440756801675,1719.3641971858524,2419.919298099741,ETH
508,2021-03-26,2076.134530624971,1740.230888165739,2393.1736372572627,ETH
509,2021-03-27,2104.131354212242,1771.7865831390368,2442.8104376739334,ETH
510,2021-03-28,2128.668999351324,1795.8084237634705,2459.5227252947507,ETH
511,2021-03-29,2148.829319237948,1791.6518188300079,2486.5800538388107,ETH
512,2021-03-30,2166.8690672811053,1852.003488426464,2512.6390781295345,ETH
513,2021-03-31,2191.642118699464,1839.9510815808555,2537.3863982451726,ETH
514,2021-04-01,2195.601555730756,1846.6762831586643,2539.413391158835,ETH
515,2021-04-02,2200.179643034102,1850.6425662519496,2547.88469419108,ETH
516,2021-04-03,2215.6846613938037,1867.7712075953723,2561.9425313111105,ETH
517,2021-04-04,2228.690724975793,1876.138317462954,2566.7926147904896,ETH
518,2021-04-05,2238.5836207697566,1884.7127993131353,2567.797283405634,ETH
519,2021-04-06,2247.8840193903948,1897.1302393522244,2568.320307589021,ETH
520,2021-04-07,2265.663200620955,1940.647101823635,2627.3311544215157,ETH
521,2021-04-08,2264.539911934621,1925.6168794919959,2606.290122195991,ETH
522,2021-04-09,2266.056509491635,1925.1177849199235,2582.406382742109,ETH
523,2021-04-10,2280.5734352423738,1957.1117957446427,2623.422804634051,ETH
524,2021-04-11,2294.658201613862,1959.8726614947639,2635.2635719295404,ETH
525,2021-04-12,2307.631928519229,1979.1976095945283,2653.1431560976816,ETH
526,2021-04-13,2321.894748078698,1978.5554308533715,2657.904177236371,ETH
527,2021-04-14,2346.3451480568287,1989.5044656469229,2684.468516612002,ETH
528,2021-04-15,2352.466767032446,2007.7961004013407,2682.9265427955015,ETH
529,2021-04-16,2362.4556318044415,2018.6576244604887,2673.047132651616,ETH
530,2021-04-17,2386.376754503086,2031.6193814236092,2705.5475874787517,ETH
531,2021-04-18,2410.476031487842,2068.3543260608085,2755.0966026502774,ETH
532,2021-04-19,2433.735292411959,2097.801126692367,2780.656641510873,ETH
533,2021-04-20,2458.2065848261177,2133.779904581552,2790.4696269670385,ETH
534,2021-04-21,2492.440531940479,2135.5037510929938,2829.771640452951,ETH
535,2021-04-22,2508.497039113371,2178.0778291974275,2864.856097837669,ETH
536,2021-04-23,2527.336128399808,2205.6267809969086,2861.854857247902,ETH
537,2021-04-24,2558.7275671426564,2239.1511361070134,2921.7134093385644,ETH
538,2021-04-25,2588.655067321437,2253.4073125793802,2922.781538149859,ETH
539,2021-04-26,2615.877708944109,2280.7037842827253,2934.033595741936,ETH
540,2021-04-27,2642.269524938902,2325.1242932889036,2999.9732512488413,ETH
541,2021-04-28,2676.251963864724,2360.0779178569446,3002.7355360371334,ETH
542,2021-04-29,2689.8074175462857,2340.10395585952,3021.8813073699366,ETH
543,2021-04-30,2703.8715391889273,2361.368632493857,3035.130300056558,ETH
544,2021-05-01,2728.2429997707172,2376.2454731059493,3062.2288744338557,ETH
545,2021-05-02,2748.986476763562,2406.0859797895287,3097.4271834070037,ETH
546,2021-05-03,2764.9915803309796,2433.148659869428,3096.1708738362545,ETH
547,2021-05-04,2778.3087389252455,2426.583246097414,3096.428630161982,ETH
548,2021-05-05,2797.5768749225977,2452.1177998258113,3129.1183717947492,ETH
549,2021-05-06,2795.0311980675697,2443.587006186827,3124.558242532105,ETH
550,2021-05-07,2791.88900513633,2462.264036998265,3119.097801099257,ETH
551,2021-05-08,2798.252313980234,2455.3352798234127,3160.8425579084646,ETH
552,2021-05-09,2800.5033188060142,2477.5837463894145,3145.7675495850262,ETH
553,2021-05-10,2797.8555717657136,2447.0481505433822,3142.6655273472043,ETH
554,2021-05-11,2792.682114413339,2446.8706819893637,3122.338330131723,ETH
555,2021-05-12,2793.9355876452364,2437.900595832209,3103.858032299361,ETH
556,2021-05-13,2774.148837047335,2429.5091052711055,3111.682194352187,ETH
557,2021-05-14,2754.814077550732,2400.451689012622,3083.0528240017024,ETH
558,2021-05-15,2746.279603006231,2413.9986874046745,3091.9779714957976,ETH
559,2021-05-16,2735.140163135351,2402.6417893007733,3068.960808950735,ETH
560,2021-05-17,2720.7840235337503,2366.9412883163996,3082.0313725927526,ETH
561,2021-05-18,2705.718015480764,2341.330265562631,3034.819451178347,ETH
562,2021-05-19,2698.9856583351275,2347.7661845240623,3027.69345353517,ETH
563,2021-05-20,2673.1668957698093,2334.2140700055593,3028.2332560181617,ETH
564,2021-05-21,2642.6169789962105,2301.587732887921,2964.2604842055434,ETH
565,2021-05-22,2624.7860743895394,2276.7459055609866,2946.544484476862,ETH
566,2021-05-23,2606.1904035027,2256.382877497698,2943.272908933063,ETH
567,2021-05-24,2586.103096720275,2253.343563742032,2926.7021017121665,ETH
568,2021-05-25,2566.88333183918,2218.0679007439803,2910.1793251758495,ETH
569,2021-05-26,2557.399237720113,2197.0170976807303,2904.1549857869704,ETH
570,2021-05-27,2530.032961544755,2173.726718934476,2847.948745445663,ETH
571,2021-05-28,2506.065804753098,2165.3107752392157,2835.9526324777366,ETH
572,2021-05-29,2495.582219220383,2157.5872443977687,2815.2676629073444,ETH
573,2021-05-30,2484.8685629037464,2177.6642893890926,2854.2544196292693,ETH
574,2021-05-31,2472.9693849160158,2125.0554741735114,2817.3571607672247,ETH
575,2021-06-01,2462.0222857112763,2116.674459033969,2815.881727379238,ETH
576,2021-06-02,2460.686166114429,2109.523651090226,2798.790812531505,ETH
577,2021-06-03,2441.151136827473,2103.777726868153,2783.837206256055,ETH
578,2021-06-04,2424.5278838566205,2119.8424918618607,2762.0799051961726,ETH
579,2021-06-05,2420.755191536814,2082.532497530167,2773.6045819826077,ETH
580,2021-06-06,2416.001454090316,2085.5929060690387,2789.834023730324,ETH
581,2021-06-07,2409.222900181282,2044.2666721928229,2735.5260960752994,ETH
582,2021-06-08,2402.4995539825195,2077.3574153519853,2743.448178979157,ETH
583,2021-06-09,2404.463747514645,2060.3233460323063,2726.06839689152,ETH
584,2021-06-10,2387.3094793379446,2029.679786313432,2751.3183291695887,ETH
585,2021-06-11,2372.180459532368,2036.9414039286462,2721.8779628652514,ETH
586,2021-06-12,2369.075606242129,2028.1362788417168,2716.892146014854,ETH
587,2021-06-13,2364.247905035116,2045.6564386076805,2705.5192424939883,ETH
588,2021-06-14,2356.759449755378,2006.4842422923746,2664.848411454215,ETH
589,2021-06-15,2348.813793407291,2051.391149911971,2681.046359448101,ETH
590,2021-06-16,2349.1805363492513,2018.986824929651,2685.425318451776,ETH
591,2021-06-17,2330.200563475847,1969.599892280359,2675.1079188844083,ETH
592,2021-06-18,2313.169887591544,1982.0635333971932,2637.014070260105,ETH
593,2021-06-19,2308.240978874121,1967.9073909757337,2634.5503190625623,ETH
594,2021-06-20,2301.8176005249143,1918.9802309056242,2624.3814198810633,ETH
595,2021-06-21,2293.1060695152155,1945.5625666517135,2619.3479040182224,ETH
596,2021-06-22,2284.4441600828354,1940.794840121577,2614.342304908773,ETH
597,2021-06-23,2284.7226531766305,1956.149541042145,2629.071232919696,ETH
598,2021-06-24,2266.388004636281,1931.244013230219,2606.307859060996,ETH
599,2021-06-25,2250.824134364544,1936.0414186874082,2583.532983255415,ETH
600,2021-06-26,2248.2522456113697,1925.3515919998817,2597.989980076266,ETH
601,2021-06-27,2245.12470526768,1879.9773405913502,2566.769363857174,ETH
602,2021-06-28,2240.6759010174956,1877.7518752154356,2578.345965560878,ETH
603,2021-06-29,2237.251272797069,1897.2569428307706,2582.218171663132,ETH
604,2021-06-30,2243.7294882077786,1907.4433437759656,2580.3856493737535,ETH
605,2021-07-01,2232.52618861024,1890.67100336019,2564.5563265904484,ETH
606,2021-07-02,2224.9772518140235,1877.412301338042,2569.562788026931,ETH
607,2021-07-03,2231.240415236968,1883.6341285573985,2583.027875599196,ETH
608,2021-07-04,2237.691221159128,1930.509429963009,2601.496876213135,ETH
609,2021-07-05,2243.476124912552,1915.6355732797701,2576.683476455092,ETH
610,2021-07-06,2250.843889325529,1927.4658745952895,2591.7652987542956,ETH
611,2021-07-07,2268.5701616916494,1932.451351175659,2602.769620260612,ETH
612,2021-07-08,2268.963590419358,1942.2839789490195,2584.033242893168,ETH
613,2021-07-09,2273.251363392318,1936.367308007608,2626.091535129092,ETH
614,2021-07-10,2291.482955443358,1962.2292720859443,2646.7742515676337,ETH
615,2021-07-11,2309.927998911104,1985.0430157345504,2655.396874571128,ETH
616,2021-07-12,2327.631080331258,1990.7816140930124,2665.9727934212647,ETH
617,2021-07-13,2346.744559326168,2003.702831584871,2739.659984113184,ETH
618,2021-07-14,2375.954289525551,2058.956620383531,2720.4372927043214,ETH
619,2021-07-15,2387.486592960269,2026.1853229946807,2719.9878696325145,ETH
620,2021-07-16,2402.4943744994507,2062.8251435502875,2760.5689910438896,ETH
621,2021-07-17,2430.9611777342025,2106.0576502163376,2766.8788801199535,ETH
622,2021-07-18,2459.0991186355614,2114.0231994801547,2805.2552168228294,ETH
623,2021-07-19,2485.903529415529,2107.2395282708653,2819.3830987277183,ETH
624,2021-07-20,2513.4854435048483,2161.409755962663,2866.397953600105,ETH
625,2021-07-21,2550.496840139157,2181.8228140807196,2887.9963860514736,ETH
626,2021-07-22,2569.1370407178406,2234.364676261448,2929.9670727986268,ETH
627,2021-07-23,2590.5381845522825,2249.924715304296,2934.3280159552173,ETH
628,2021-07-24,2624.668625090223,2283.2656285858,2978.5133704938107,ETH
629,2021-07-25,2657.7302197024533,2332.8649546232195,2993.3407377251237,ETH
630,2021-07-26,2688.7123779011504,2338.3496776999036,3043.329554827423,ETH
631,2021-07-27,2719.724025855484,2362.086051294102,3049.143627270715,ETH
632,2021-07-28,2759.4184262491153,2420.0063548537273,3117.960685689424,ETH
633,2021-07-29,2779.99925917384,2444.067299826555,3125.1156615640084,ETH
634,2021-07-30,2802.6058978200635,2454.615560996881,3150.5204426790833,ETH
635,2021-07-31,2837.2167190867813,2500.8218725037796,3193.59333695321,ETH
636,2021-08-01,2870.046413572838,2532.8423151702923,3216.483670451574,ETH
637,2021-08-02,2900.1001455310666,2540.442323768851,3216.581597182275,ETH
638,2021-08-03,2929.5057001416244,2598.4168599648933,3268.056584162893,ETH
639,2021-08-04,2966.9385323375504,2632.7535166912294,3296.5837587762935,ETH
640,2021-08-05,2984.6280947412297,2612.830246130441,3317.5604614592253,ETH
641,2021-08-06,3003.7433484841113,2656.5640458565226,3356.49354092288,ETH
642,2021-08-07,3034.2962663792646,2689.568695037034,3374.127947701225,ETH
643,2021-08-08,3062.539263921311,2746.3903143496423,3390.4295563692754,ETH
644,2021-08-09,3087.519381415606,2755.9650057894723,3429.502886903834,ETH
645,2021-08-10,3111.410331781266,2792.253032699905,3454.1537938293404,ETH
646,2021-08-11,3142.9373102788372,2818.4737630409327,3478.7676201803674,ETH
647,2021-08-12,3154.382931851874,2830.269424603837,3493.869799730966,ETH
648,2021-08-13,3166.972194833768,2814.354803075536,3507.8631053272843,ETH
649,2021-08-14,3190.7752828091097,2868.9744442485185,3544.8431755120873,ETH
650,2021-08-15,3212.1041499747435,2863.2183950304643,3543.958981090938,ETH
651,2021-08-16,3230.0657306236,2887.0995188023794,3577.712531203958,ETH
652,2021-08-17,3246.8929116634677,2906.3705085930033,3575.468009209708,ETH
653,2021-08-18,3271.3681951349226,2909.710405433698,3594.2558576221377,ETH
654,2021-08-19,3275.82845250366,2933.7541014963003,3617.1838748245013,ETH
655,2021-08-20,3281.5487097191517,2937.0643163959107,3594.98841829503,ETH
656,2021-08-21,3298.643817803126,2929.7493916430844,3628.2121498070924,ETH
657,2021-08-22,3313.463998449912,2987.5359959211123,3652.59385012968,ETH
658,2021-08-23,3325.1471488831908,2992.2635717371068,3653.7433406675377,ETH
659,2021-08-24,3335.9490862801717,2976.271856716921,3688.091305544708,ETH
660,2021-08-25,3354.6666962065983,3000.925598944096,3715.1104447210464,ETH
661,2021-08-26,3353.6424187930074,3018.6724635005935,3709.9368516674986,ETH
662,2021-08-27,3354.1480366102483,3007.8977435505444,3671.9904447657486,ETH
663,2021-08-28,3366.286635723551,3030.3243708512723,3729.7382982696554,ETH
664,2021-08-29,3376.3887368555893,3045.343047418185,3714.623603110219,ETH
665,2021-08-30,3383.5654783758987,3041.69877917933,3729.9603623833996,ETH
666,2021-08-31,3390.040018523221,3064.95358768275,3733.0801378823094,ETH
667,2021-09-01,3404.5720979938533,3058.1195152661394,3739.2858152652802,ETH
668,2021-09-02,3399.4641632274593,3047.5163390570724,3720.5626813112904,ETH
669,2021-09-03,3395.9469716847348,3048.701130734821,3708.6593758954914,ETH
670,2021-09-04,3404.0834987518633,3076.1814030672094,3737.9746124922444,ETH
671,2021-09-05,3410.167086390322,3083.531053329847,3745.939956417556,ETH
672,2021-09-06,3413.2766503598314,3077.623175225592,3764.95691936573,ETH
673,2021-09-07,3415.6100471038185,3072.2479488200706,3775.3979842585354,ETH
674,2021-09-08,3425.9104728988486,3072.6410662318212,3788.7605660731206,ETH
675,2021-09-09,3416.474228009532,3059.707145945686,3763.3159901748836,ETH
676,2021-09-10,3408.53770246384,3085.345608728727,3725.5077483209807,ETH
677,2021-09-11,3412.1823445026644,3076.6067706762447,3764.257703222813,ETH
678,2021-09-12,3413.733498616835,3073.1193046816356,3759.464843748964,ETH
679,2021-09-13,3412.3158888995763,3056.8033592436855,3752.220127418048,ETH
680,2021-09-14,3410.1868167901976,3044.2894244758063,3744.262427906621,ETH
681,2021-09-15,3416.161927174573,3091.4734093772036,3762.464773934762,ETH
682,2021-09-16,3402.621870466847,3061.5565498088226,3732.0256146779775,ETH
683,2021-09-17,3390.897726515329,3055.225465123922,3758.4879315413373,ETH
684,2021-09-18,3391.173975222162,3048.342518966658,3738.7874172275056,ETH
685,2021-09-19,3389.884939049391,3068.2405456458437,3706.85614499533,ETH
686,2021-09-20,3386.267525178905,3048.8656137646703,3744.911974268981,ETH
687,2021-09-21,3382.6914011280205,3038.1164347494823,3726.435696619559,ETH
688,2021-09-22,3388.0815336877663,3051.4674087887747,3719.39267022637,ETH
689,2021-09-23,3374.9215039667506,3035.7141039907765,3716.787557941372,ETH
690,2021-09-24,3364.6355565603553,3017.2433954981925,3710.639555485368,ETH
691,2021-09-25,3367.488264386041,3001.146434674508,3714.469279583561,ETH
692,2021-09-26,3369.9778327521567,3019.945737628221,3715.578699975247,ETH
693,2021-09-27,3371.3859676786096,3043.212022927778,3709.6558601752126,ETH
694,2021-09-28,3374.1055354692944,3012.1243578737394,3698.1223582603575,ETH
695,2021-09-29,3387.0610296534473,3039.344210206538,3708.7002012536027,ETH
696,2021-09-30,3382.7103346373274,3023.942755362562,3729.7288500013155,ETH
697,2021-10-01,3382.425808407181,3053.6561349713443,3750.9911214107565,ETH
698,2021-10-02,3396.393615670579,3054.449091786372,3753.596722287478,ETH
699,2021-10-03,3411.0073685006532,3060.9998338005557,3756.196664458881,ETH
700,2021-10-04,3425.4190152156652,3097.355251572721,3744.181402521881,ETH
701,2021-10-05,3441.868201476163,3058.712605154416,3771.422923792397,ETH
702,2021-10-06,3469.105097547115,3114.4967506427042,3808.440840586275,ETH
703,2021-10-07,3479.3951398777353,3166.1075968127516,3836.4159517304206,ETH
704,2021-10-08,3493.903649559042,3133.7736145009744,3854.0220892814896,ETH
705,2021-10-09,3522.59918372798,3195.9600055865785,3845.8940935115825,ETH
706,2021-10-10,3551.651582460449,3224.847824959338,3887.2832569791644,ETH
707,2021-10-11,3579.987549456128,3235.7813453570184,3909.2700626950955,ETH
708,2021-10-12,3609.624873788559,3252.6536175388,3930.4086068605457,ETH
709,2021-10-13,3649.100164140354,3300.786543134471,3993.1385386296524,ETH
710,2021-10-14,3670.478416825038,3351.754582610059,4026.7587166614285,ETH
711,2021-10-15,3694.7422529875125,3349.842735915879,4007.369333490422,ETH
712,2021-10-16,3731.6995553293164,3419.1184009043354,4077.7116795999355,ETH
713,2021-10-17,3767.3853516031522,3419.2307040195824,4107.682474025384,ETH
714,2021-10-18,3800.6206726950427,3450.113825769439,4144.579280479761,ETH
715,2021-10-19,3833.3493991414193,3509.3486634094315,4188.216192241845,ETH
716,2021-10-20,3874.0678885956177,3561.845699106365,4229.329859268363,ETH
717,2021-10-21,3894.8356454367777,3563.2105648132174,4238.965419043581,ETH
718,2021-10-22,3916.6648283311233,3579.418027130266,4255.811739876388,ETH
719,2021-10-23,3949.4273084602073,3604.231326645533,4253.038580320522,ETH
720,2021-10-24,3979.255130808941,3674.614155091691,4327.652018106306,ETH
721,2021-10-25,4005.0971344420777,3640.80010193202,4337.159165402775,ETH
722,2021-10-26,4029.0527962289098,3698.911896426055,4367.195704497955,ETH
723,2021-10-27,4059.7981625272814,3734.5222931555304,4407.463210049711,ETH
724,2021-10-28,4069.5922216686135,3714.108130090028,4453.047532127486,ETH
725,2021-10-29,4079.6616220291166,3734.5084125124695,4432.561154840895,ETH
726,2021-10-30,4100.102571860885,3771.476968066196,4442.787908087366,ETH
727,2021-10-31,4117.275907926544,3758.698421238601,4447.862191774386,ETH
728,2021-11-01,4130.358231052087,3773.536405922303,4451.897790735665,ETH
729,2021-11-02,4141.670318871543,3823.7527720677167,4509.64007821427,ETH
730,2021-11-03,4160.097825653065,3822.9720171793288,4523.861080489364,ETH
731,2021-11-04,4158.092762898704,3805.2672502758433,4493.408468715521,ETH
732,2021-11-05,4157.05379781604,3838.614198966963,4485.526172245762,ETH
733,2021-11-06,4167.224325804914,3816.257062237606,4538.599987188858,ETH
734,2021-11-07,4175.084408127151,3807.5861096258027,4528.383039258013,ETH
735,2021-11-08,4179.899558085634,3849.024500721095,4557.926132079302,ETH
736,2021-11-09,4184.047649707954,3855.506989686197,4521.632372987193,ETH
737,2021-11-10,4196.438999089909,3864.3230111801936,4533.6621762534305,ETH
738,2021-11-11,4189.518127572078,3830.3360190884496,4537.511125036477,ETH
739,2021-11-12,4173.101648695228,3830.403361816109,4518.409010445335,ETH
740,2021-11-13,4168.9091260073665,3837.7650889931024,4506.07528372444,ETH
741,2021-11-14,4163.327080887162,3816.496246178935,4479.613031019573,ETH
742,2021-11-15,4155.504903394574,3838.2803020003107,4492.988906592061,ETH
743,2021-11-16,4147.6859106556485,3796.457723771023,4496.224976171132,ETH
744,2021-11-17,4148.632066958205,3791.8796143144727,4473.4455494714175,ETH
745,2021-11-18,4130.630739021314,3798.1246067381444,4475.421696014971,ETH
746,2021-11-19,4114.881367229459,3782.645072539867,4463.537709978887,ETH
747,2021-11-20,4111.400820854157,3758.8777701590975,4444.632767023031,ETH
748,2021-11-21,4106.423313719682,3772.8689134814504,4436.220245425445,ETH
749,2021-11-22,4098.957628369058,3750.699385621909,4460.459016206704,ETH
750,2021-11-23,4091.1226735734335,3724.1142868225766,4444.463030396656,ETH
751,2021-11-24,4091.576169438786,3710.1439138136247,4427.137026072526,ETH
752,2021-11-25,4072.524714021564,3738.44900872021,4430.936049891898,ETH
753,2021-11-26,4055.113011437561,3678.7352987211734,4380.36458821609,ETH
754,2021-11-27,4049.330950517946,3723.5956985215275,4419.009091960143,ETH
755,2021-11-28,4041.4143558210803,3697.5152160923326,4362.435767737805,ETH
756,2021-11-29,4030.402130521177,3667.39044225888,4375.754170147102,ETH
757,2021-11-30,4018.470814647862,3714.634162613678,4383.322302998608,ETH
758,2021-12-01,4014.361378987552,3687.7486773822607,4357.6657602642945,ETH
759,2021-12-02,3990.386561511886,3649.6664212251144,4333.44722472906,ETH
760,2021-12-03,3967.81660483616,3598.634014051564,4291.0193303762735,ETH
761,2021-12-04,3956.782185764316,3636.924614965496,4314.372573879056,ETH
762,2021-12-05,3943.6704814179266,3624.3378668486953,4283.222490745957,ETH
763,2021-12-06,3927.67723142047,3576.3190391822327,4224.96611726758,ETH
764,2021-12-07,3911.1359728538228,3576.8197829025066,4261.786456972814,ETH
765,2021-12-08,3902.939430441351,3562.356465953041,4240.691621112378,ETH
766,2021-12-09,3875.5415351570628,3523.794654346408,4226.775203543843,ETH
767,2021-12-10,3850.3380954254576,3509.492146784912,4165.145412753218,ETH
768,2021-12-11,3837.565072038523,3480.521049651608,4201.309568093812,ETH
769,2021-12-12,3823.6905509775243,3473.70919832262,4145.954382848514,ETH
770,2021-12-13,3807.9634083727183,3465.8849736374555,4162.753056974034,ETH
771,2021-12-14,3792.7399599872347,3443.0495400939085,4123.893081647519,ETH
772,2021-12-15,3786.903670612012,3426.398086810702,4112.874072941361,ETH
773,2021-12-16,3762.866463733278,3406.7569845455514,4094.2505226006256,ETH
774,2021-12-17,3741.9496947179864,3404.3902275231017,4109.83657269833,ETH
775,2021-12-18,3732.399251579129,3407.4845835568476,4068.9668480715377,ETH
776,2021-12-19,3722.433339434425,3381.044238614046,4058.0065674136604,ETH
777,2021-12-20,3711.1409265628276,3389.3054672461126,4057.420661060765,ETH
778,2021-12-21,3700.69703000503,3372.7366021903104,4035.1998446071766,ETH
779,2021-12-22,3699.7873264025043,3348.2196076861096,4020.789468591151,ETH
780,2021-12-23,3680.6149936765382,3347.501321750485,4026.2975321515382,ETH
781,2021-12-24,3664.287694626004,3323.012007231148,4010.7424887853495,ETH
782,2021-12-25,3660.7234941555644,3331.4646939970016,4010.771441982155,ETH
783,2021-12-26,3656.051602559694,3325.861541009266,4004.5238944674998,ETH
784,2021-12-27,3649.1707002621843,3321.1491113229026,3972.0330749203845,ETH
785,2021-12-28,3642.0858669041386,3294.6280024689,3978.8006528815204,ETH
786,2021-12-29,3643.338897406533,3261.0221693318836,3970.3242697447395,ETH
787,2021-12-30,3625.020237500146,3294.267746898693,3945.0400701183303,ETH
788,2021-12-31,3608.160287703902,3255.1754952813226,3954.3043196717513,ETH
789,2022-01-01,3602.6387247082826,3271.549169937717,3935.263400578956,ETH
790,2022-01-02,3594.587613579309,3245.449824779689,3919.827009819615,ETH
791,2022-01-03,3582.9509746911976,3229.1458453382998,3912.334410190723,ETH
792,2022-01-04,3569.821767352681,3216.6842546662797,3916.069254693731,ETH
793,2022-01-05,3563.8710445995935,3253.508997760744,3912.2141269162057,ETH
794,2022-01-06,3537.3575175844862,3191.9437554024994,3888.814115891936,ETH
795,2022-01-07,3511.515318928444,3160.9863827328136,3859.3780483487863,ETH
796,2022-01-08,3496.458688223267,3166.5550442067374,3853.5511276084812,ETH
797,2022-01-09,3478.579459599228,3160.849462321571,3802.790130907871,ETH
798,2022-01-10,3457.1001515330727,3107.674510472257,3784.0387627893415,ETH
799,2022-01-11,3434.403783522291,3105.955649541015,3774.8135661347114,ETH
800,2022-01-12,3419.4553589908373,3074.7442046744272,3786.777612994162,ETH
801,2022-01-13,3384.803455143333,3062.2946206591014,3732.895682664336,ETH
802,2022-01-14,3351.959923428429,3039.2149374183373,3697.3098353199534,ETH
803,2022-01-15,3331.296644309874,3006.225624419948,3691.346899423354,ETH
804,2022-01-16,3309.4354369492157,2967.0123048592436,3648.5922836449954,ETH
805,2022-01-17,3285.7941387234123,2957.199384317468,3606.737003467449,ETH
806,2022-01-18,3262.9101819837706,2942.4574992194293,3602.484041404115,ETH
807,2022-01-19,3249.8567924604645,2896.130543764511,3566.144338562924,ETH
808,2022-01-20,3219.2404119855223,2872.2315229601827,3580.4867783185687,ETH
809,2022-01-21,3192.5774832873344,2872.2136486226204,3518.0822854228345,ETH
810,2022-01-22,3180.1896426965523,2841.6914176530368,3553.4030412065936,ETH
811,2022-01-23,3168.5934885570837,2839.491459888189,3502.992902303709,ETH
812,2022-01-24,3157.0479695254458,2833.090633554841,3481.252447938412,ETH
813,2022-01-25,3147.880711338096,2798.510326136986,3483.236801722025,ETH
814,2022-01-26,3149.9083581570476,2810.0283895347206,3483.9468980034567,ETH
815,2022-01-27,3135.4394449075685,2794.101021872282,3497.377711166449,ETH
816,2022-01-28,3125.657815780733,2798.514704889331,3472.7790192394327,ETH
817,2022-01-29,3130.525478789043,2773.5708773556253,3474.1395334769795,ETH
818,2022-01-30,3136.1808784376594,2795.324087558274,3458.9502529937513,ETH
819,2022-01-31,3141.495420533051,2806.918206048979,3481.9203239840563,ETH
820,2022-02-01,3148.4093373678957,2811.3393293334566,3492.526360272864,ETH
821,2022-02-02,3165.3617259777,2798.6758102292283,3494.1935744553266,ETH
822,2022-02-03,3164.303025101441,2859.3653802770705,3541.284634324306,ETH
823,2022-02-04,3166.087694743763,2813.4441529783485,3530.5208085469767,ETH
824,2022-02-05,3180.3857431360875,2834.860801048086,3508.8211518162516,ETH
825,2022-02-06,3193.088850860963,2840.4960228875566,3533.0983313746015,ETH
826,2022-02-07,3202.8737129642723,2880.822981655677,3533.9010706238387,ETH
827,2022-02-08,3211.5434990530207,2879.8066097033825,3567.34160610283,ETH
828,2022-02-09,3227.4621060050495,2900.004621950079,3582.314176389107,ETH
829,2022-02-10,3222.5693454840216,2886.930658225171,3555.559987180837,ETH
830,2022-02-11,3217.774744894214,2890.7581129012424,3571.9650490032627,ETH
831,2022-02-12,3222.8685620463693,2866.3150550278774,3548.0364845565164,ETH
832,2022-02-13,3223.9257609854617,2887.141629310213,3587.613073265691,ETH
833,2022-02-14,3219.8656100681324,2859.1535218925164,3572.9772004489546,ETH
834,2022-02-15,3212.787884349168,2856.2706987832717,3545.597019246583,ETH
835,2022-02-16,3211.4004688731893,2840.2222852235313,3538.511761068882,ETH
836,2022-02-17,3188.0266639657593,2860.233696063576,3545.2532622988347,ETH
837,2022-02-18,3163.9900630307684,2819.5218913491826,3506.9016551169616,ETH
838,2022-02-19,3149.515823092718,2825.3249540511483,3492.872418637093,ETH
839,2022-02-20,3131.1243179683383,2777.6232105963904,3481.869046289474,ETH
840,2022-02-21,3108.180093794172,2781.7774476903737,3450.1378835288097,ETH
841,2022-02-22,3083.2173771007515,2734.356829355483,3434.432848413804,ETH
842,2022-02-23,3065.3572026654333,2752.186599797116,3405.9161875521254,ETH
843,2022-02-24,3027.304728295369,2715.5461587404766,3378.345564661055,ETH
844,2022-02-25,2990.724861548533,2640.8802522525116,3349.2338465298744,ETH
845,2022-02-26,2966.1352554835835,2604.8899505275876,3306.478296674849,ETH
846,2022-02-27,2940.2928720765226,2605.3145917732486,3301.0286393958454,ETH
847,2022-02-28,2912.737220760626,2590.7523398651997,3225.237546719188,ETH
848,2022-03-01,2886.111663065198,2526.1859800948764,3218.717811084732,ETH
849,2022-03-02,2869.577961639773,2547.6184079041213,3182.885231726383,ETH
850,2022-03-03,2835.8127066071797,2520.488980092713,3196.4860163340545,ETH
851,2022-03-04,2806.3837672176337,2480.0299925411746,3145.6262549794014,ETH
852,2022-03-05,2791.6458042036943,2432.959152253658,3103.320498186475,ETH
853,2022-03-06,2778.1309798756865,2430.028772952305,3127.255540717148,ETH
854,2022-03-07,2765.0978609296885,2416.8410312810597,3091.113281039827,ETH
855,2022-03-08,2754.859765465752,2433.8766572889263,3081.682657294005,ETH
856,2022-03-09,2756.2075487424313,2408.6789757823244,3106.4035083110116,ETH
857,2022-03-10,2741.415249971273,2385.448821579456,3073.736709458972,ETH
858,2022-03-11,2731.6265119330496,2410.063967853235,3062.9066540649196,ETH
859,2022-03-12,2736.7605538678367,2418.773521208338,3087.3141199450733,ETH
860,2022-03-13,2742.913567658721,2405.98019532251,3082.9715280181567,ETH
861,2022-03-14,2748.9182601731695,2414.9774143587897,3080.8768964300093,ETH
862,2022-03-15,2756.682523174435,2426.363757573752,3087.1216950194616,ETH
863,2022-03-16,2774.6219643033087,2427.359588651321,3104.432276479911,ETH
864,2022-03-17,2774.6744762477592,2437.9237447943487,3144.47761067805,ETH
865,2022-03-18,2777.6945328832758,2440.819933092221,3141.322280021353,ETH
866,2022-03-19,2793.365797758155,2431.047429572862,3142.3262637470175,ETH
867,2022-03-20,2807.6077527776583,2447.4149476640023,3159.260058073534,ETH
868,2022-03-21,2819.138944787342,2461.060138307313,3159.7751999368265,ETH
869,2022-03-22,2829.8177464172404,2497.8472779624676,3175.0276129418485,ETH
870,2022-03-23,2848.075321781886,2499.305140625674,3211.121711695333,ETH
871,2022-03-24,2845.9289743085383,2532.9788053827656,3203.2055420005127,ETH
872,2022-03-25,2844.37360846228,2496.591864332817,3177.519922330112,ETH
873,2022-03-26,2853.289975207522,2502.414988619504,3204.8291824268913,ETH
874,2022-03-27,2858.8455325577534,2521.565970596286,3195.8256700018756,ETH
875,2022-03-28,2860.050677983766,2498.3942439739667,3200.7105587183046,ETH
876,2022-03-29,2859.091439308481,2505.4902240128863,3201.170976397734,ETH
877,2022-03-30,2864.753530961343,2531.0500590420147,3231.5111639359925,ETH
878,2022-03-31,2849.4261893296466,2508.692361303798,3216.7276588671725,ETH
879,2022-04-01,2834.4837692917895,2482.760819585663,3160.909875817167,ETH
880,2022-04-02,2830.184029278325,2483.0181789680128,3189.7381312031243,ETH
881,2022-04-03,2823.0591942201136,2489.0464386894764,3154.3195681816665,ETH
882,2022-04-04,2812.462804567524,2468.830985291357,3156.442639052085,ETH
883,2022-04-05,2800.8936768548315,2470.615581036165,3155.4541832579603,ETH
884,2022-04-06,2797.4121022457703,2458.9730911740135,3113.5413004416996,ETH
885,2022-04-07,2774.6368918166445,2417.9421791303025,3103.415910171123,ETH
886,2022-04-08,2754.1214161327875,2392.002724115694,3113.1299566527955,ETH
887,2022-04-09,2746.24769833085,2390.091979715937,3085.9949748752365,ETH
888,2022-04-10,2737.614745074703,2382.928831073015,3084.2733605077583,ETH
889,2022-04-11,2727.584179902701,2415.2085953843916,3067.585120435128,ETH
890,2022-04-12,2718.604520431597,2355.9695760285404,3069.417898647747,ETH
891,2022-04-13,2719.6292020435985,2385.5830247261188,3069.3570846720363,ETH
892,2022-04-14,2703.116893888331,2377.9717035701556,3057.714981306116,ETH
893,2022-04-15,2690.412154888298,2360.6396259255353,3047.9864061123276,ETH
894,2022-04-16,2691.6453551452987,2387.9449062977305,3036.763798813241,ETH
895,2022-04-17,2693.127883236895,2359.5337312400056,3018.299218993989,ETH
896,2022-04-18,2693.905514615239,2364.649102534547,3023.422163369587,ETH
897,2022-04-19,2696.0910731066947,2340.7000980618523,3026.7465365431267,ETH
898,2022-04-20,2708.2912642437173,2383.1454413964916,3051.2512851087095,ETH
899,2022-04-21,2702.615994001129,2384.024523660839,3046.458789111986,ETH
900,2022-04-22,2700.067986198214,2382.513675328364,3053.530845617815,ETH
901,2022-04-23,2710.451393571658,2332.5387236119914,3041.508727954025,ETH
902,2022-04-24,2719.7752026446874,2369.8565664359326,3062.6078442553535,ETH
903,2022-04-25,2726.8141029482904,2392.0967764486973,3053.2228456351827,ETH
904,2022-04-26,2733.447768807758,2390.5300270960147,3042.717583592898,ETH
905,2022-04-27,2748.093274073164,2412.722112989428,3082.7060286529595,ETH
906,2022-04-28,2742.718824253623,2419.4663684273296,3073.7132613225285,ETH
907,2022-04-29,2738.236522435996,2380.274176367888,3094.6262192005725,ETH
908,2022-04-30,2744.412801420628,2408.791574520395,3085.7739598744247,ETH
909,2022-05-01,2747.2722950847333,2394.172821367923,3085.7530183949793,ETH
910,2022-05-02,2745.6578280439508,2388.1978118547863,3095.1080716050924,ETH
911,2022-05-03,2741.5675152005633,2405.030520982679,3083.023916298381,ETH
912,2022-05-04,2743.5837680983195,2413.990391488365,3066.703199505796,ETH
913,2022-05-05,2723.8824997024562,2371.5938625467456,3078.5743793463657,ETH
914,2022-05-06,2703.6203784287186,2343.5628645003667,3019.6874018055023,ETH
915,2022-05-07,2692.838921583613,2382.4146194295267,3045.5616406791573,ETH
916,2022-05-08,2677.8613776748757,2358.0001238450222,3016.2363195593643,ETH
917,2022-05-09,2657.8452668477817,2330.239102612693,2993.9527328387635,ETH
918,2022-05-10,2635.1117696880956,2281.0997691271305,2969.7044154959967,ETH
919,2022-05-11,2618.5669630263264,2279.57343834144,2962.634116519556,ETH
920,2022-05-12,2580.703393747482,2242.9805712527636,2921.297858367211,ETH
921,2022-05-13,2542.9800332596155,2212.804083288092,2883.9132600032276,ETH
922,2022-05-14,2515.7195821177215,2184.99028009896,2885.3907867376984,ETH
923,2022-05-15,2485.499236605724,2156.930980164874,2831.5247844708647,ETH
924,2022-05-16,2451.6979279159964,2095.9524326739947,2768.187849610529,ETH
925,2022-05-17,2416.8213412759014,2057.557535118313,2747.426842083881,ETH
926,2022-05-18,2389.9198038879013,2060.61191185617,2727.1098508452105,ETH
927,2022-05-19,2343.5875942172092,1989.7035706444583,2669.3757307276815,ETH
928,2022-05-20,2299.341747097383,1945.7969228944949,2657.044253432383,ETH
929,2022-05-21,2267.519326068036,1934.775073479727,2627.952159223764,ETH
930,2022-05-22,2234.6692473880767,1876.991074851122,2574.4617956459274,ETH
931,2022-05-23,2200.1016111322224,1863.1327879015596,2545.721581654117,ETH
932,2022-05-24,2166.2157657464204,1855.780643482845,2532.183199113491,ETH
933,2022-05-25,2141.922090986574,1799.9542235889396,2488.0161442723534,ETH
934,2022-05-26,2099.6459282117003,1751.031923102546,2436.5900947727023,ETH
935,2022-05-27,2060.7115931040107,1725.0155299315095,2392.759325751453,ETH
936,2022-05-28,2035.2452911469286,1692.3330956134782,2383.3995612024523,ETH
937,2022-05-29,2009.5728618761086,1679.295559576904,2365.0966764539025,ETH
938,2022-05-30,1982.7751460085788,1644.9134041568395,2329.7616523797487,ETH
939,2022-05-31,1957.0220420463481,1632.3337182090777,2279.9636604158404,ETH
940,2022-06-01,1941.0000833048973,1572.0465760216841,2297.5444070445956,ETH
941,2022-06-02,1906.9218201504027,1571.6044153556252,2238.1468265040744,ETH
942,2022-06-03,1875.9148117502282,1543.1372874811684,2229.734252266239,ETH
943,2022-06-04,1857.928933465079,1526.8511690111898,2197.4918622056557,ETH
944,2022-06-05,1839.137830879789,1502.0143681184975,2196.317655240632,ETH
945,2022-06-06,1818.4972407480277,1495.1171064664893,2151.5324843539847,ETH
946,2022-06-07,1798.0811941771894,1473.7482699263087,2135.009307788044,ETH
947,2022-06-08,1786.510904988851,1430.5311227629848,2122.21470022264,ETH
948,2022-06-09,1755.9646233171882,1406.9154734878973,2095.5796692634767,ETH
949,2022-06-10,1727.5662766982064,1377.423240251461,2073.4671709875324,ETH
950,2022-06-11,1711.2916441686898,1362.813891551742,2066.916148689278,ETH
951,2022-06-12,1693.3679534042894,1360.6498825151803,2038.6696964548385,ETH
952,2022-06-13,1672.8296975535382,1317.495516897805,1993.1186295407188,ETH
953,2022-06-14,1651.8517781175258,1333.165126287414,1963.6387778044518,ETH
954,2022-06-15,1639.174879434345,1303.6187502907899,1977.5677216112547,ETH
955,2022-06-16,1607.1114657921853,1235.8634381111967,1964.1980036257912,ETH
956,2022-06-17,1576.9303393247558,1249.4250911576034,1905.2330834184481,ETH
957,2022-06-18,1558.7586216234479,1217.4202943865255,1898.714245383668,ETH
958,2022-06-19,1538.9771646819504,1181.4024651721218,1867.8596531821959,ETH
959,2022-06-20,1516.7722983994804,1177.6957845977074,1839.7274775627543,ETH
960,2022-06-21,1494.4651236257978,1183.2756290159366,1845.533948820359,ETH
961,2022-06-22,1480.933348414132,1150.6833085532837,1819.8571528303564,ETH
962,2022-06-23,1448.6141378947177,1097.2076027431026,1798.2946403088781,ETH
963,2022-06-24,1418.8859808597804,1074.2009694813237,1762.6971710742362,ETH
964,2022-06-25,1401.968485226911,1071.553855119856,1754.98054954329,ETH
965,2022-06-26,1384.3161407910338,1064.3985920050002,1737.7979327296628,ETH
966,2022-06-27,1365.16897261865,1004.3975221188458,1715.0530119194575,ETH
967,2022-06-28,1346.881293815893,994.0335142215049,1700.3186560334068,ETH
968,2022-06-29,1338.3435394584992,987.0718134072921,1667.074571679485,ETH
969,2022-06-30,1311.9856217978963,995.5252930474882,1655.89742604553,ETH
970,2022-07-01,1289.159766697566,956.5523815390186,1636.774206840416,ETH
971,2022-07-02,1280.0416894048349,949.211123690065,1637.5692219337477,ETH
972,2022-07-03,1271.026085246218,923.5378042945933,1604.0258959424705,ETH
973,2022-07-04,1261.27928936456,900.8595448110112,1590.5063595531844,ETH
974,2022-07-05,1253.0702410162419,925.0312673089135,1581.984306904831,ETH
975,2022-07-06,1255.1946594941742,904.446445072756,1603.968474697537,ETH
976,2022-07-07,1239.9807979492907,879.2226324856471,1560.8721018601857,ETH
977,2022-07-08,1228.6746643757742,907.6694154810735,1555.402852842194,ETH
978,2022-07-09,1231.3435023851991,907.4973608235273,1565.644065114846,ETH
979,2022-07-10,1234.273448888128,924.6512549266608,1566.2445410353585,ETH
980,2022-07-11,1236.524172829469,899.6439855686044,1566.5039211028777,ETH
981,2022-07-12,1240.2615901623917,892.0045125288613,1614.284647724307,ETH
982,2022-07-13,1254.1835321946753,941.3813343316108,1618.9916555383227,ETH
983,2022-07-14,1250.5267144355882,921.1059372105719,1548.00333941869,ETH
984,2022-07-15,1250.4528868401972,928.8033423633224,1599.7404489506198,ETH
985,2022-07-16,1263.9529601178256,922.7800543895266,1606.3440032827768,ETH
986,2022-07-17,1277.2450369492187,920.0340489690703,1591.7626065556162,ETH
987,2022-07-18,1289.329172645403,925.4772794189229,1638.088310445391,ETH
988,2022-07-19,1302.3199881929324,970.8324557093569,1641.66173717145,ETH
989,2022-07-20,1324.872046454425,957.3012765920688,1662.2441251097134,ETH
990,2022-07-21,1329.1863765186908,985.3533560985726,1699.8968999993938,ETH
991,2022-07-22,1336.3960674709217,967.4514778269797,1666.9467358846941,ETH
992,2022-07-23,1356.4697673741043,1002.2571347823769,1718.0768856723137,ETH
993,2022-07-24,1375.6090564837118,1021.021557269599,1716.9060128846124,ETH
994,2022-07-25,1392.80255685678,1060.1277337921645,1718.8838450113665,ETH
995,2022-07-26,1410.1579349381295,1093.088743058085,1747.6672623615177,ETH
996,2022-07-27,1436.3267363138898,1093.4818378122502,1744.308739573844,ETH
997,2022-07-28,1443.5104598492587,1065.5627102184685,1781.38567312798,ETH
998,2022-07-29,1452.8458078082322,1125.9196635210265,1787.1632761762319,ETH
999,2022-07-30,1474.3079557802507,1117.5509589995997,1825.0581353433333,ETH
1000,2022-07-31,1494.1078120924954,1171.9825040350056,1856.3316925006066,ETH
1001,2022-08-01,1511.2461223660598,1175.3637886463214,1833.8402804686327,ETH
1002,2022-08-02,1527.8455626566538,1182.5285903776908,1881.174106759865,ETH
1003,2022-08-03,1552.5757413728752,1224.2716746262001,1898.3254827486157,ETH
1004,2022-08-04,1557.6594933618007,1211.6091018599418,1916.9658452658523,ETH
1005,2022-08-05,1564.2583753186573,1235.7559788423841,1891.2949007722816,ETH
1006,2022-08-06,1582.3761766548496,1254.2453223434406,1903.5750458543341,ETH
1007,2022-08-07,1598.256385017317,1276.0739795151712,1950.3075721027228,ETH
1008,2022-08-08,1610.9364323229172,1279.3942728112554,1950.0885157920059,ETH
1009,2022-08-09,1622.57983711312,1282.3890611370696,1982.2770808987664,ETH
1010,2022-08-10,1641.9011393224569,1329.705151620164,1997.9339384585867,ETH
1011,2022-08-11,1641.1719915381439,1319.7672542105965,2007.5834961263222,ETH
1012,2022-08-12,1641.6063024379664,1296.2255286395252,1975.207816797115,ETH
1013,2022-08-13,1653.263239750094,1320.406964278148,1998.2512031192116,ETH
1014,2022-08-14,1662.4440323809595,1315.9488037370702,1988.887125076751,ETH
1015,2022-08-15,1668.2454055556332,1339.5173693946876,2018.9401241971898,ETH
1016,2022-08-16,1672.8907802595434,1338.6192162976047,2006.92659880658,ETH
1017,2022-08-17,1685.1541557361586,1338.814834905223,2035.2362008142047,ETH
1018,2022-08-18,1677.3650683262883,1335.8207350909506,2051.1519484466708,ETH
1019,2022-08-19,1670.7925571830915,1361.3481596606182,2007.1887291028265,ETH
1020,2022-08-20,1675.5469835360557,1348.0674036545904,2019.2297760113272,ETH
1021,2022-08-21,1677.9756855812088,1337.5355697699233,2022.2460181866174,ETH
1022,2022-08-22,1677.2153468441045,1353.622082992043,2003.8959930061744,ETH
1023,2022-08-23,1675.5222532136818,1326.3837511899635,2003.122419968023,ETH
1024,2022-08-24,1681.6953995174824,1310.3474856020248,2025.0422476956828,ETH
1025,2022-08-25,1668.0808775365301,1318.3575396599217,2005.8573898851082,ETH
1026,2022-08-26,1655.9555094763778,1293.7438564836527,1986.4203051099091,ETH
1027,2022-08-27,1655.4286004056094,1311.8640460609247,2001.9831180297356,ETH
1028,2022-08-28,1652.8378106241723,1325.0368635064613,2000.9068917420168,ETH
1029,2022-08-29,1647.3020356534353,1309.9051219660366,2004.9288091111669,ETH
1030,2022-08-30,1641.0524690608681,1309.0164201932141,2014.4160313525324,ETH
1031,2022-08-31,1642.8567986984453,1292.501596418509,1972.8852105913204,ETH
1032,2022-09-01,1625.0249475286012,1281.0000320595932,1968.913164990395,ETH
1033,2022-09-02,1608.794292125583,1269.5661550351988,1961.5745799026108,ETH
1034,2022-09-03,1604.2331918321154,1261.4106214326912,1941.2831852008617,ETH
1035,2022-09-04,1597.6387803439845,1206.161584618877,1937.92435881403,ETH
1036,2022-09-05,1588.091850850421,1269.872079223754,1911.4336988391215,ETH
1037,2022-09-06,1577.789947586144,1250.828033156882,1903.3025226039756,ETH
1038,2022-09-07,1575.47354805335,1233.3469171665804,1935.3392626899479,ETH
1039,2022-09-08,1553.4336788408366,1236.1260212639154,1905.7462681502154,ETH
1040,2022-09-09,1532.898830125588,1192.9805352626488,1862.1504429832391,ETH
1041,2022-09-10,1523.939936321702,1144.146593074206,1833.3761044383766,ETH
1042,2022-09-11,1512.8693138615872,1162.8380103569868,1867.5551326230536,ETH
1043,2022-09-12,1498.7963333459948,1159.912139546721,1834.387846267128,ETH
1044,2022-09-13,1483.9608939393513,1118.2610870934716,1810.765576541283,ETH
1045,2022-09-14,1477.1595500055073,1138.8158369089588,1813.9078354920093,ETH
1046,2022-09-15,1450.7526108828195,1108.6740999013664,1802.678191422972,ETH
1047,2022-09-16,1426.0500702723587,1091.9343876965181,1761.9963430509429,ETH
1048,2022-09-17,1413.2151383020987,1067.0165164158684,1733.6987267993384,ETH
1049,2022-09-18,1398.661287437733,1036.089838551398,1712.3194442896074,ETH
1050,2022-09-19,1381.6056241715746,1048.0956471508966,1724.959475534664,ETH
1051,2022-09-20,1364.3997030449534,1030.4553077566054,1715.490385681115,ETH
1052,2022-09-21,1355.9526946813355,1006.1637294755742,1682.7553105031361,ETH
1053,2022-09-22,1328.7353019994625,995.2799710086666,1651.8782495304229,ETH
1054,2022-09-23,1304.1623641237647,952.175832861665,1640.199184915815,ETH
1055,2022-09-24,1292.493011705042,943.2002264807053,1627.0940135091246,ETH
1056,2022-09-25,1280.2243806038314,924.397013479191,1631.365204387044,ETH
1057,2022-09-26,1266.6417940934834,927.3924209543435,1623.1250669939905,ETH
1058,2022-09-27,1254.1466279482638,921.4210131415409,1579.4104975396153,ETH
1059,2022-09-28,1251.67686457862,935.7355010475153,1612.2941372579135,ETH
1060,2022-09-29,1231.7088186345777,898.0403633823262,1560.6986510243041,ETH
1061,2022-09-30,1215.6380528237341,873.6807152723762,1556.060131246879,ETH
1062,2022-10-01,1213.6784152603614,894.031686037698,1578.8185578906134,ETH
1063,2022-10-02,1212.2552589552636,878.3517310540344,1536.5415535790564,ETH
1064,2022-10-03,1210.5557913384396,851.1419616597744,1577.9148182584497,ETH
1065,2022-10-04,1210.8577884502802,880.1864298767485,1560.054537409345,ETH
1066,2022-10-05,1221.9516816881628,900.1375770158465,1554.9828304898324,ETH
1067,2022-10-06,1216.1444821580922,860.775758762607,1565.2517651898954,ETH
1068,2022-10-07,1214.6435248994408,891.0647079382014,1556.6306638991286,ETH
1069,2022-10-08,1227.4589092673414,888.331255457185,1561.9022523904027,ETH
1070,2022-10-09,1240.800623596373,927.8663745763362,1576.1973448357942,ETH
1071,2022-10-10,1253.6332137404459,897.4951609686051,1633.2884026512106,ETH
1072,2022-10-11,1268.0091281431814,916.5930273110415,1592.5858125313928,ETH
1073,2022-10-12,1292.4956342390944,949.8003485606204,1609.0456077612835,ETH
1074,2022-10-13,1299.1836499900387,935.4110752503809,1656.5917856596675,ETH
1075,2022-10-14,1309.0763466697388,963.9761692825728,1635.7109307647886,ETH
1076,2022-10-15,1331.9962715630234,1015.7525843504076,1687.1215509767642,ETH
1077,2022-10-16,1353.9868531909872,1019.6191134133093,1689.7384364136792,ETH
1078,2022-10-17,1373.8710288061445,1020.8861615485325,1717.0254389062281,ETH
1079,2022-10-18,1393.5880161085531,1044.497995256058,1731.5000683151088,ETH
1080,2022-10-19,1421.6230256828344,1109.934228736119,1760.9370057563272,ETH
1081,2022-10-20,1430.018175046917,1106.5153963747512,1754.2459865578446,ETH
1082,2022-10-21,1439.762395476206,1112.243078057405,1773.7923606195125,ETH
1083,2022-10-22,1460.6990353996407,1133.3708443887692,1811.1225405957844,ETH
1084,2022-10-23,1478.9269997575898,1133.0316614099715,1796.4931154863223,ETH
1085,2022-10-24,1493.3581644761734,1148.0290874681205,1830.154478471279,ETH
1086,2022-10-25,1506.0521103984647,1177.138822314373,1841.8507576188722,ETH
1087,2022-10-26,1525.643018235221,1191.6317307642323,1871.0788618613838,ETH
1088,2022-10-27,1524.3470522199202,1199.0219551602245,1873.6651143937145,ETH
1089,2022-10-28,1523.3481105593348,1179.7814992242,1875.5241560638697,ETH
1090,2022-10-29,1532.700751369762,1202.279563745141,1864.174445886908,ETH
1091,2022-10-30,1538.7262536179855,1175.010677820203,1840.2036888168366,ETH
1092,2022-10-31,1540.5646844056275,1194.745514217117,1872.3847295678215,ETH
1093,2022-11-01,1540.5041575969703,1190.2701384388456,1880.3210548505808,ETH
1094,2022-11-02,1547.4022706382293,1208.6384688798082,1885.4037272020396,ETH
1095,2022-11-03,1533.6881931215528,1225.6235752103132,1850.7245284189835,ETH
1096,2022-11-04,1520.743427553611,1185.4929013643948,1862.7854563966064,ETH
1097,2022-11-05,1518.8001858284515,1178.2603490518613,1868.4221347921252,ETH
1098,2022-11-06,1514.3334643231906,1157.0372798213664,1858.1578522275506,ETH
1099,2022-11-07,1506.6097973479402,1162.5049072142747,1853.7342147617471,ETH
1100,2022-11-08,1498.0139641493565,1143.132404837664,1836.1669975833875,ETH
1101,2022-11-09,1497.4687056222926,1137.0004360743872,1823.635283424806,ETH
1102,2022-11-10,1477.4359705607328,1135.463057122236,1828.855251539006,ETH
1103,2022-11-11,1459.2977336722977,1131.3489785787556,1795.7329123193629,ETH
1104,2022-11-12,1453.2553253038584,1089.8431084184945,1785.6040116779554,ETH
1105,2022-11-13,1445.723326848342,1098.130084365912,1798.3549610212235,ETH
1106,2022-11-14,1435.8809578692494,1123.488981098512,1765.0734020759733,ETH
1107,2022-11-15,1426.0021530692138,1072.2718006779764,1723.9582395175564,ETH
1108,2022-11-16,1424.8792868559437,1096.2692887891053,1782.4887687045405,ETH
1109,2022-11-17,1404.828948302039,1048.9271801015054,1745.0352878350918,ETH
1110,2022-11-18,1387.077676292388,1056.2432866894037,1745.2396646326317,ETH
1111,2022-11-19,1381.6664507122214,1037.5533228163522,1717.4986588301133,ETH
1112,2022-11-20,1374.8498419730429,1012.9960111699628,1708.8607425818097,ETH
1113,2022-11-21,1365.652590006053,1031.8984705026985,1712.7947466529831,ETH
1114,2022-11-22,1356.2046571900357,1011.0467537505494,1707.2550417744117,ETH
1115,2022-11-23,1355.1695650307179,989.9119815393085,1713.013301560517,ETH
1116,2022-11-24,1334.754279524367,975.7461494815893,1666.5884375308283,ETH
1117,2022-11-25,1316.098431307521,960.1939943003493,1649.4259061797031,ETH
1118,2022-11-26,1309.1815606416246,966.5695160298776,1629.3587709914748,ETH
1119,2022-11-27,1300.2242048425692,971.8210639262559,1656.8151292141056,ETH
1120,2022-11-28,1288.2455383617755,940.8847134828457,1608.538341609028,ETH
1121,2022-11-29,1275.3985747921936,923.0210096890374,1601.1905766863479,ETH
1122,2022-11-30,1270.397732402033,947.9523735196111,1624.428095361044,ETH
1123,2022-12-01,1245.5270473462756,917.0515277324898,1576.399140221761,ETH
1124,2022-12-02,1222.026866982272,876.2523151781913,1557.343296975779,ETH
1125,2022-12-03,1209.9977856315718,886.6194773630467,1549.4965282566934,ETH
1126,2022-12-04,1195.7977367658823,847.2566203506009,1560.1601427783976,ETH
1127,2022-12-05,1178.595069638043,826.7332233033043,1520.819399241424,ETH
1128,2022-12-06,1160.6987556195293,833.2368543302923,1498.9347350435737,ETH
1129,2022-12-07,1150.980676164173,821.8332167674032,1519.8287019128427,ETH
1130,2022-12-08,1121.8784368971774,772.1517301332677,1453.764481714421,ETH
